formatting flag -- IGNORE but don't delete,natqw_sourceid,natqw_subsourceid,qwdata_source,generic,generic: LAS - use for now,Final,generic: LAS - possible alternative to phosphate (junky),Result after checking,generic: LAS - Action,orig_fraction,Fraction,fraction: LAS - revised,"fraction: LAS with assumptions about total, USE",Result after checking,fraction: LAS - Action or comments,orig_parameter_name,Frequency Count,MLR-Comment,LAS response
0,AL DEM,AL DEM,STORET/WQX,Orthophosphate,Orthophosphate,Orthophosphate,,,,,,,unknown,,MLR to contact re: fraction,Orthophosphate,1262,,
0,AL DEM,AL DEM,STORET/WQX,Orthophosphate,Orthophosphate,Orthophosphate,,,,,filtered,filtered,filtered,,,Orthophosphate,1157,,
0,AL DEM,AL DEM,STORET/WQX,Total phosphorus,Phosphorus (all),Total phosphorus,,,,,unfiltered,unfiltered,unfiltered,,,Phosphate-phosphorus,1200,,
2,AL DEM,AL DEM,STORET/WQX,,,Total phosphorus,,,,Total,,,,,,Phosphorus,,,
1,AR DEQ,AR DEQ,STORET/WQX,Orthophosphate,Orthophosphate,Orthophosphate,,,,Dissolved,dissolved,filtered,filtered,,,Orthophosphate,39235,,
1,AR DEQ,AR DEQ,STORET/WQX,Total phosphorus,Phosphorus (all),Total phosphorus,,,,Total,total,total,unfiltered,,,Phosphate-phosphorus,31925,,
0,AR DEQ,AR DEQ,STORET/WQX,Total phosphorus,Phosphorus (all),Total phosphorus,,,,Total,total,total,unfiltered,,,Phosphorus,4310,,
2,AR ASUERF,AR ASUERF,STORET/WQX,Total phosphorus,,,,,,Total,,,,,,Phosphorus,,,
2,AR EQUIL,AR EQUIL,STORET/WQX,Total phosphorus,,,,,,Total,,,,,,Phosphorus,,,
2,AR GBMC,AR GBMC,STORET/WQX,Total phosphorus,,,,,,Total,,,,,,Phosphorus,,,
2,AR AWRC,AR AWRC,STORET/WQX,Total phosphorus,,,,,,Total,,,,,,Phosphorus,,,
0,AZ DEQ,AZ DEQ,STORET/WQX,Orthophosphate,Orthophosphate,Orthophosphate,,,,,,,unknown,,,Orthophosphate,151,,
1,AZ DEQ,AZ DEQ,STORET/WQX,Orthophosphate,Orthophosphate,Orthophosphate,,,,Total,total,total,unfiltered,,,Orthophosphate,29,,
1,AZ DEQ,AZ DEQ,STORET/WQX,Total dissolved phosphorus,Phosphorus (all),Dissolved phosphorus,,,,Dissolved,dissolved,filtered,filtered,,,Phosphorus,155,,
1,AZ DEQ,AZ DEQ,STORET/WQX,Total phosphorus,Phosphorus (all),Total phosphorus,,,,Total,total,total,unfiltered,,,Phosphorus,2018,,
2,AZ DEQ,AZ DEQ,STORET/WQX,Total phosphorus,,Total phosphorus,,,,Total,,,,,,Phosphate-Phosphorus,2018,,
2,AZ SWRC,AZ SWRC,STORET/WQX,Total phosphorus,,Total phosphorus,,,,Total,,,,,,Phosphorus,,,
2,AZ SWRC,AZ SWRC,STORET/WQX,Total phosphorus,,Total phosphorus,,,,Total,,,,,,Phosphate-Phosphorus,,,
2,AZ SWRC,AZ SWRC,STORET/WQX,Dissolved phosphorus,,Dissolved phosphorus,,,,Dissolved,,,,,,Phosphorus,,,
2,AZ TAKIC,AZ TAKIC,STORET/WQX,Total phosphorus,,Total phosphorus,,,,Total,,,,,,Phosphorus,,,
2,AZ TAKIC,AZ TAKIC,STORET/WQX,,,,,,,Unknown,,,,,,Phosphorus,,,
2,AZ TAKIC,AZ TAKIC,STORET/WQX,,,,,,,Unknown,,,,,,Phosphorus,,,
2,AZ TCOCOPAH,AZ TCOCOPAH,STORET/WQX,Total phosphorus,,,,,,Total ,,,,,,Phosphorus,,,
2,AZ TCOCOPAH,AZ TCOCOPAH,STORET/WQX,,,,,,,Unknown,,,,,,Phosphorus,,,
2,AZ TSRPMIC,AZ TSRPMIC,STORET/WQX,Total phosphorus,,,,,,Total ,,,,,,Phosphorus,,,
2,AZ TSRPMIC,AZ TSRPMIC,STORET/WQX,,,,,,,Unknown,,,,,,Phosphorus,,,
2,AZ TFMYN,AZ TFMYN,STORET/WQX,Total phosphorus,,,,,,Total ,,,,,,Phosphorus,,,
2,AZ TYAN,AZ TYAN,STORET/WQX,,,,,,,Unknown,,,,,,Phosphorus,,,
2,AZ TCOCOPAH,AZ TCOCOPAH,STORET/WQX,Total phosphorus,,Total phosphorus,,,,Total ,,,,,,Phosphorus,,,
2,AZ TCOCOPAH,AZ TCOCOPAH,STORET/WQX,,,,,,,Unknown,,,,,,Phosphorus,,,
0,CA TYUROKTEP,CA TYUROKTEP,STORET/WQX,Orthophosphate,Orthophosphate,Orthophosphate,,,,Dissolved,dissolved,filtered,filtered,,,Orthophosphate,62,,
0,CA TYUROKTEP,CA TYUROKTEP,STORET/WQX,Orthophosphate,Orthophosphate,Orthophosphate,,,,Total,total,total,unfiltered,,,Orthophosphate,1,,
0,CA TYUROKTEP,CA TYUROKTEP,STORET/WQX,Orthophosphate,Orthophosphate,Orthophosphate,,,,Dissolved,dissolved,filtered,filtered,,,Orthophosphate as P,39,,
0,CA TYUROKTEP,CA TYUROKTEP,STORET/WQX,Orthophosphate,Orthophosphate,Orthophosphate,,,,Total,total,total,unfiltered,,,Orthophosphate as P,1,,
1,CA TYUROKTEP,CA TYUROKTEP,STORET/WQX,Orthophosphate,Orthophosphate,Orthophosphate,,,,Dissolved,dissolved,filtered,filtered,,,Soluble Reactive Phosphorus (SRP),255,,
1,CA TYUROKTEP,CA TYUROKTEP,STORET/WQX,Orthophosphate,Orthophosphate,Orthophosphate,,,,Suspended,suspended,suspended,suspended,,,Soluble Reactive Phosphorus (SRP),2,,
1,CA TYUROKTEP,CA TYUROKTEP,STORET/WQX,Orthophosphate,Orthophosphate,Orthophosphate,,,,Total,total,total,unfiltered,,,Soluble Reactive Phosphorus (SRP),2,,
0,CA TYUROKTEP,CA TYUROKTEP,STORET/WQX,Total dissolved phosphorus,Phosphorus (all),Dissolved phosphorus,,,,Dissolved,dissolved,filtered,filtered,,,Phosphate-phosphorus as P,1,,
0,CA TYUROKTEP,CA TYUROKTEP,STORET/WQX,Total dissolved phosphorus,Phosphorus (all),Dissolved phosphorus,,,,Dissolved,dissolved,filtered,filtered,,,Phosphorus,2,,
1,CA TYUROKTEP,CA TYUROKTEP,STORET/WQX,Total phosphorus,Phosphorus (all),Total phosphorus,,,,Total,total,total,unfiltered,,,Phosphate-phosphorus,61,,
1,CA TYUROKTEP,CA TYUROKTEP,STORET/WQX,Total phosphorus,Phosphorus (all),Total phosphorus,,,,Total,total,total,unfiltered,,,Phosphate-phosphorus as P,41,,
0,CA TYUROKTEP,CA TYUROKTEP,STORET/WQX,Total phosphorus,Phosphorus (all),Total phosphorus,,,,Total,total,total,unfiltered,,,Phosphorus,259,,
2,CA CEDEN,CA CEDEN,STORET/WQX,Total phosphorus,,Total phosphorus,,,,Total,,,,,,Phosphorus,,,
2,CA CEDEN,CA CEDEN,STORET/WQX,Dissolved phosphorus,,Dissolved phosphorus,,,,Dissolved,,,,,,Phosphorus,,,
2,CA QUECHAN,CA QUECHAN,STORET/WQX,Total phosphorus,,,,,,Total ,,,,,,Phosphorus,,,
2,CA TBLR,CA TBLR,STORET/WQX,Total phosphorus,,,,,,Total ,,,,,,Phosphorus,,,
2,CA TEVR,CA TEVR,STORET/WQX,Total phosphorus,,Total phosphorus,,,,Total ,,,,,,Phosphorus,,,
2,CA TEVR,CA TEVR,STORET/WQX,Total phosphorus,,Total phosphorus,,,,Total ,,,,,,Phosphate-phosphorus,,,
2,CA TEVR,CA TEVR,STORET/WQX,,,,,,,Unknown,,,,,,Phosphorus,,,
2,CA THBPI,CA THBPI,STORET/WQX,,,,,,,Unknown,,,,,,Phosphorus,,,
2,CA TMBMI,CA TMBMI,STORET/WQX,Total phosphorus,,Total phosphorus,,,,Total ,,,,,,Phosphorus,,,
2,CA TOVIWC,CA TOVIWC,STORET/WQX,,,,,,,Unknown,,,,,,Phosphorus,,,
2,CA TOVIWC,CA TOVIWC,STORET/WQX,Total phosphorus,,Total phosphorus,,,,Total ,,,,,,Phosphorus,,,
2,CA TPR,CA TPR,STORET/WQX,Total phosphorus,,Total phosphorus,,,,Total ,,,,,,Phosphate-phosphorus,,,
2,CA TPR,CA TPR,STORET/WQX,,,,,,,Unknown,,,,,,Phosphorus,,,
2,CA TQVIR,CA TQVIR,STORET/WQX,Orthophosphate,,Orthophosphate,,,,Total ,,,,,,Soluble Reactive Phosphorus (SRP),,,
2,CA TQVIR,CA TQVIR,STORET/WQX,Total phosphorus,,Total phosphorus,,,,Total ,,,,,,Phosphorus,,,
2,CA TQVIR,CA TQVIR,STORET/WQX,,,,,,,Unknown,,,,,,Phosphorus,,,
2,CA RREP,CA RREP,STORET/WQX,,,,,,,Unknown,,,,,,Phosphorus,,,
2,CA RREP,CA RREP,STORET/WQX,Total phosphorus,,Total phosphorus,,,,Total ,,,,,,Phosphorus,,,
2,CA TSMBMI,CA TSMBMI,STORET/WQX,Total phosphorus,,Total phosphorus,,,,Total ,,,,,,Phosphorus,,,
2,CA TSYCEO,CA TSYCEO,STORET/WQX,Total phosphorus,,Total phosphorus,,,,Total ,,,,,,Phosphorus,,,
2,CA TSYCEO,CA TSYCEO,STORET/WQX,Dissolved phosphorus,,Dissolved phosphorus,,,,Dissolved,,,,,,Phosphate-phosphorus,,,
2,CA TSYCEO,CA TSYCEO,STORET/WQX,,,,,,,Unknown,,,,,,Phosphate-phosphorus,,,
2,CA TTMR,CA TTMR,STORET/WQX,Total phosphorus,,Total phosphorus,,,,Total ,,,,,,Phosphorus,,,
2,TEPA29,TEPA29,STORET/WQX,Total phosphorus,,Total phosphorus,,,,Total ,,,,,,Phosphate-phosphorus,,,
2,CA TMTC,CA TMTC,STORET/WQX,Total phosphorus,,Total phosphorus,,,,Total ,,,,,,Phosphorus,,,
2,CA TR,CA TR,STORET/WQX,Total phosphorus,,Total phosphorus,,,,unfiltered,,,,,,Phosphate-phosphorus,,,
1,CO AUR,CO AUR,STORET/WQX,Total phosphorus,Phosphorus (all),Total phosphorus,,,,Total,total,total,total,,,Phosphate-phosphorus as P,46,,
1,CO AUR,CO AUR,STORET/WQX,Total phosphorus,Phosphorus (all),Total phosphorus,,,,Total,total,total,total,,,Phosphate-phosphorus as PO4,180,,
0,CO BCR,CO BCR,STORET/WQX,Orthophosphate,Orthophosphate,Orthophosphate,,,,Dissolved,dissolved,filtered,filtered,,,Orthophosphate as PO4,160,,
0,CO BCR,CO BCR,STORET/WQX,Total dissolved phosphorus,Phosphorus (all),Dissolved phosphorus,,,,Filterable,filterable,filtered,filtered,,,Phosphate-phosphorus as P,616,,
1,CO BCR,CO BCR,STORET/WQX,Total phosphorus,Phosphorus (all),Total phosphorus,,,,Total,total,total,unfiltered,,,Phosphorus,450,,
0,CO CBS,CO CBS,STORET/WQX,Total phosphorus,Phosphorus (all),Total phosphorus,,,,Total,total,total,unfiltered,,,Phosphate-phosphorus,313,,
1,CO CRWWN,CO CRWWN,STORET/WQX,Orthophosphate,Orthophosphate,Orthophosphate,,,,Total,total,total,total,,,Orthophosphate,1308,,
0,CO CRWWN,CO CRWWN,STORET/WQX,Total phosphorus,Phosphorus (all),Total phosphorus,,,,Total,total,total,total,,,Phosphorus,2217,,
1,CO CWSD,CO CWSD,STORET/WQX,Total phosphorus,Phosphorus (all),Total phosphorus,,,,Total,total,total,total,,,Phosphate-phosphorus as P,307,,
0,CO DPHE,CO DPHE,STORET/WQX,Orthophosphate,Orthophosphate,Orthophosphate,,,,Total,total,total,unfiltered,,,Orthophosphate,5,only 3 dissolved records,"not ideal, but ok"
1,CO DPHE,CO DPHE,STORET/WQX,Orthophosphate,Orthophosphate,Orthophosphate,,,,Dissolved,dissolved,filtered,filtered,,,Orthophosphate as P,3,only 3 dissolved records,"not ideal, but ok"
1,CO DPHE,CO DPHE,STORET/WQX,Orthophosphate,Orthophosphate,Orthophosphate,,,,Total,total,total,unfiltered,,,Orthophosphate as P,25,only 3 dissolved records,"not ideal, but ok"
0,CO DPHE,CO DPHE,STORET/WQX,Orthophosphate,Orthophosphate,Orthophosphate,,,,Total,total,total,unfiltered,,,Orthophosphate as PO4,2348,only 3 dissolved records,"not ideal, but ok"
2,CO DPHE,CO DPHE,STORET/WQX,Total phosphorus,Phosphorus (all),Total phosphorus,,,,Total,total,total,unfiltered,,,Phosphate-phosphorus,20599,only 3 dissolved records,"not ideal, but ok"
2,CO DPHE,CO DPHE,STORET/WQX,Total phosphorus,,Total phosphorus,,,,Unfiltered,,,,,,"Total phosphorus, mixed forms",,,
2,CO DPHE,CO DPHE,STORET/WQX,Total dissolved phosphorus,,Dissolved phosphorus,,,,Dissolved,,,,,,Phosphate-phosphorus,,,
2,CO DPHE,CO DPHE,STORET/WQX,Total phosphorus,,Total phosphorus,,,,Total,,,,,,Phosphorus,20599,only 3 dissolved records,"not ideal, but ok"
2,CO DPHE,CO DPHE,STORET/WQX,Total dissolved phosphorus,,Dissolved phosphorus,,,,Dissolved,,,,,,"Total phosphorus, mixed forms",,,
1,CO GLEN,CO GLEN,STORET/WQX,Total phosphorus,Phosphorus (all),Total phosphorus,,,,Total,total,total,total,,,Phosphate-phosphorus as P,173,,
1,CO LE WWTP,CO LE WWTP,STORET/WQX,Orthophosphate,Orthophosphate,Orthophosphate,,,,Total,total,total,total,,,Orthophosphate as P,60,,
0,CO LE WWTP,CO LE WWTP,STORET/WQX,Total phosphorus,Phosphorus (all),Total phosphorus,,,,Total,total,total,total,,,Phosphate-phosphorus as P,354,,
0,CO LE WWTP,CO LE WWTP,STORET/WQX,Total phosphorus,Phosphorus (all),Total phosphorus,,,,Total,total,total,total,,,Phosphate-phosphorus as PO4,60,,
0,CO MWWRD,CO MWWRD,STORET/WQX,Orthophosphate,Orthophosphate,Orthophosphate,,,,,,,unknown,,MLR- contact re: unknown fraction,Orthophosphate as P,2910,,
0,CO MWWRD,CO MWWRD,STORET/WQX,Orthophosphate,Orthophosphate,Orthophosphate,,,,Total,total,total,total,,,Orthophosphate as P,286,,
0,CO MWWRD,CO MWWRD,STORET/WQX,Total phosphorus,Phosphorus (all),Total phosphorus,,,,Total,total,total,total,,,Phosphate-phosphorus as P,2297,,
1,CO SACWSD,CO SACWSD,STORET/WQX,Total phosphorus,Phosphorus (all),Total phosphorus,,,,Total,total,total,total,,,Phosphate-phosphorus as P,12,,
2,CO ARSG,CO ARSG,STORET/WQX,Total phosphorus,,Total phosphorus,,,,Total,,,,,,Phosphorus,,,
2,CO ARSG,CO ARSG,STORET/WQX,Total dissolved phosphorus,,Dissolved phosphorus,,,,Dissolved,,,,,,Phosphorus,,,
2,CO ARR,CO ARR,STORET/WQX,Total phosphorus,,Total phosphorus,,,,Total,,,,,,Phosphorus,,,
2,CO CCWC,CO CCWC,STORET/WQX,Total phosphorus,,Total phosphorus,,,,Total,,,,,,Phosphorus,,,
2,CO CCWC,CO CCWC,STORET/WQX,Total phosphorus,,Total phosphorus,,,,Total Recoverable,,,,,,Phosphate-phosphorus,,,
2,CO DRMS,CO DRMS,STORET/WQX,Total phosphorus,,Total phosphorus,,,,Total,,,,,,Phosphate-phosphorus,,,
2,CO DRMS,CO DRMS,STORET/WQX,,,,,,,Unknown,,,,,,Phosphate-phosphorus,,,
2,CO SMWC,CO SMWC,STORET/WQX,Total phosphorus,,Total phosphorus,,,,Total,,,,,,Phosphorus,,,
2,CO TSU,CO TSU,STORET/WQX,Total phosphorus,,Total phosphorus,,,,Unfiltered,,,,,,"Total Phosphorus, mixed forms",,,
2,CO TSU,CO TSU,STORET/WQX,Total dissolved phosphorus,,Dissolved phosphorus,,,,"Filtered, lab",,,,,,"Total Phosphorus, mixed forms",,,
2,CO STAND,CO STAND,STORET/WQX,Total phosphorus,,Total phosphorus,,,,Total,,,,,,Phosphorus,,,
2,CO TUMU,CO TUMU,STORET/WQX,Total phosphorus,,Total phosphorus,,,,Total,,,,,,Phosphorus,,,
2,CO TUMU,CO TUMU,STORET/WQX,Total phosphorus,,Total phosphorus,,,,Unfiltered,,,,,,"Total Phosphorus, mixed forms",,,
2,CO UWP,CO UWP,STORET/WQX,Total dissolved phosphorus,,Dissolved phosphorus,,,,Dissolved,,,,,,Phosphorus,,,
1,DE DNREC,DE DNREC,STORET/WQX,Orthophosphate,Orthophosphate,Orthophosphate,,,,Dissolved,dissolved,filtered,filtered,,,Orthophosphate,264,,
0,DE DNREC,DE DNREC,STORET/WQX,Orthophosphate,Orthophosphate,Orthophosphate,,,,Dissolved,dissolved,filtered,filtered,,,Orthophosphate as P,11857,,
2,DE DNREC,DE DNREC,STORET/WQX,Total dissolved phosphorus,Phosphorus (all),Dissolved phosphorus,,,,Dissolved,dissolved,filtered,filtered,,,Phosphate-phosphorus,1707,,
1,DE DNREC,DE DNREC,STORET/WQX,Total dissolved phosphorus,Phosphorus (all),Dissolved phosphorus,,,,Filterable,filterable,filtered,filtered,,,Phosphate-phosphorus as P,416,,
1,DE DNREC,DE DNREC,STORET/WQX,Total phosphorus,Phosphorus (all),Total phosphorus,,,,Total,total,total,unfiltered,,,Phosphate-phosphorus,256,,
1,DE DNREC,DE DNREC,STORET/WQX,Total phosphorus,Phosphorus (all),Total phosphorus,,,,Total,total,total,unfiltered,,,Phosphate-phosphorus as P,11788,,
2,DE DNREC,DE DNREC,STORET/WQX,,,,,,,Non-Filterable (Particle),,,,,,Phosphate-phosphorus,,,
1,FL ACEPD,FL ACEPD,STORET/WQX,Orthophosphate,Orthophosphate,Orthophosphate,,,,Dissolved,dissolved,filtered,filtered,,,Orthophosphate as P,86,,
1,FL ACEPD,FL ACEPD,STORET/WQX,Orthophosphate,Orthophosphate,Orthophosphate,,,,Total,total,total,unfiltered,,,Orthophosphate as P,7,,
1,FL ACEPD,FL ACEPD,STORET/WQX,Orthophosphate,Orthophosphate,Orthophosphate,,,,,,,unknown,,,Orthophosphate as PO4,84,,
0,FL ACEPD,FL ACEPD,STORET/WQX,Orthophosphate,Orthophosphate,Orthophosphate,,,,,,,unknown,,,Soluble Reactive Phosphorus (SRP),59,,
2,FL ACEPD,FL ACEPD,STORET/WQX,Total phosphorus,Phosphorus (all),Total phosphorus,,,,Total,total,total,unfiltered,,,Phosphate-phosphorus ,144,,
0,FL ACEPD,FL ACEPD,STORET/WQX,Total phosphorus,Phosphorus (all),Total phosphorus,,,,Total,total,total,unfiltered,,,Phosphorus,76,,
2,FL APAFR,FL APAFR,STORET/WQX,,,Total phosphorus,,,,Total,,,,,,Phosphate-phosphorus,829,,
2,FL BCEPD,FL BCEPD,STORET/WQX,,,Total phosphorus,,,,Total,,,,,,Phosphate-phosphorus,1664,,
1,FL BCSUD,FL BCSUD,STORET/WQX,Orthophosphate,Orthophosphate,Orthophosphate,,,,Dissolved,dissolved,filtered,filtered,,,Orthophosphate as P,69,,
1,FL BCSUD,FL BCSUD,STORET/WQX,Total phosphorus,Phosphorus (all),Total phosphorus,,,,Total,total,total,unfiltered,,,Phosphate-phosphorus as P,69,,
0,FL BR,FL BR,STORET/WQX,Orthophosphate,Orthophosphate,Orthophosphate,,,,Dissolved,dissolved,filtered,filtered,,,Orthophosphate as P,46,,
0,FL BR,FL BR,STORET/WQX,Orthophosphate,Orthophosphate,Orthophosphate,,,,Total,total,total,unfiltered,,,Orthophosphate as P,29,,
0,FL BR,FL BR,STORET/WQX,Total phosphorus,Phosphorus (all),Total phosphorus,,,,Total,total,total,unfiltered,,,Phosphate-phosphorus as P,74,,
2,FL CC,FL CC,STORET/WQX,,,Total phosphorus,,,,Total,,,,,,Phosphate-phosphorus,36,,
1,FL CCC,FL CCC,STORET/WQX,Organic phosphorus,Organic phosphorus,Organic phosphorus,,,,,,,unknown,,,Organic phosphorus as P,545,,
2,FL CCC,FL CCC,STORET/WQX,Organic phosphorus,Organic phosphorus,Organic phosphorus,,,,Total,total,total,total,,,Organic phosphorus ,84,,
1,FL CCC,FL CCC,STORET/WQX,Orthophosphate,Orthophosphate,Orthophosphate,,,,,,,unknown,,,Orthophosphate as PO4,448,,
2,FL CCC,FL CCC,STORET/WQX,Total phosphorus,Phosphorus (all),Total phosphorus,,,,Total,total,total,total,,,Phosphate-phosphorus,603,,
0,FL CCPC,FL CCPC,STORET/WQX,Orthophosphate,Orthophosphate,Orthophosphate,,,,Dissolved,dissolved,filtered,filtered,,,Orthophosphate as P,216,,
0,FL CCPC,FL CCPC,STORET/WQX,Orthophosphate,Orthophosphate,Orthophosphate,,,,Filterable,filterable,filtered,filtered,,,Orthophosphate as PO4,10,,
2,FL CCPC,FL CCPC,STORET/WQX,Total phosphorus,Phosphorus (all),Total phosphorus,,,,Total,total,total,unfiltered,,,Phosphate-phosphorus,216,,
0,FL CCPC,FL CCPC,STORET/WQX,Total phosphorus,Phosphorus (all),Total phosphorus,,,,Total,total,total,unfiltered,,,Phosphorus,10,,
2,FL CD,FL CD,STORET/WQX,,,Total phosphorus,,,,Total,,,,,,Phosphate-phosphorus,228,,
1,FL CJ,FL CJ,STORET/WQX,Orthophosphate,Orthophosphate,Orthophosphate,,,,,,,unknown,,,Orthophosphate as P,148,,
1,FL CJ,FL CJ,STORET/WQX,Orthophosphate,Orthophosphate,Orthophosphate,,,,Total,total,total,total,,,Orthophosphate as P,4640,,
2,FL CJ,FL CJ,STORET/WQX,Total phosphorus,Phosphorus (all),Total phosphorus,,,,Total,total,total,total,,,Phosphate-phosphorus ,3589,,
1,FL CPG,FL CPG,STORET/WQX,Orthophosphate,Orthophosphate,Orthophosphate,,,,Dissolved,dissolved,filtered,filtered,,,Orthophosphate as P,562,,
0,FL CSNRD,FL CSNRD,STORET/WQX,Orthophosphate,Orthophosphate,Orthophosphate,,,,Dissolved,dissolved,filtered,filtered,,,Orthophosphate as P,9,,
0,FL CSNRD,FL CSNRD,STORET/WQX,Orthophosphate,Orthophosphate,Orthophosphate,,,,Total,total,total,unfiltered,,,Orthophosphate as P,489,,
1,FL CSNRD,FL CSNRD,STORET/WQX,Orthophosphate,Orthophosphate,Orthophosphate,,,,Dissolved,dissolved,filtered,filtered,,,Orthophosphate as PO4,306,,
0,FL CSNRD,FL CSNRD,STORET/WQX,Total phosphorus,Phosphorus (all),Total phosphorus,,,,Total,total,total,unfiltered,,,Phosphate-phosphorus as P,498,,
1,FL CSNRD,FL CSNRD,STORET/WQX,Total phosphorus,Phosphorus (all),Total phosphorus,,,,Total,total,total,unfiltered,,,Phosphate-phosphorus as PO4,306,,
2,FL CSP,FL CSP,STORET/WQX,,,Total phosphorus,,,,Total,,,,,,Phosphate-phosphorus ,318,,
2,FL CSP,FL CSP,STORET/WQX,,,,,,,,,,,,,Phosphate-phosphorus ,318,,
2,FL CTS,FL CTS,STORET/WQX,,,Total phosphorus,,,,Total,,,,,,Phosphorus,38,,
0,FL DEP,FL DEP,STORET/WQX,Orthophosphate,Orthophosphate,Orthophosphate,,,,Dissolved,dissolved,filtered,filtered,,,Orthophosphate as P,7614,,
2,FL DEP,FL DEP,STORET/WQX,Total phosphorus,Phosphorus (all),Total phosphorus,,,,Total,total,total,unfiltered,,,Phosphate-phosphorus,11247,,
2,FL DEP,FL DEP BFA,STORET/WQX,Total phosphorus,Phosphorus (all),Total phosphorus,,,,Total,total,total,total,,,Phosphate-phosphorus,1674,,
0,FL DEP,FL DEP CD,STORET/WQX,Orthophosphate,Orthophosphate,Orthophosphate,,,,Total,total,total,unfiltered,,,Orthophosphate,1,,
1,FL DEP,FL DEP CD,STORET/WQX,Orthophosphate,Orthophosphate,Orthophosphate,,,,Dissolved,dissolved,filtered,filtered,,,Orthophosphate as PO4,1,,
0,FL DEP,FL DEP CD,STORET/WQX,Total phosphorus,Phosphorus (all),Total phosphorus,,,,Total,total,total,unfiltered,,,Phosphorus,10,,
2,FL DEP,FL DEP CD,STORET/WQX,Total phosphorus,,Total phosphorus,,,,Total,,,,,,Phosphate-phosphorus ,10,,
0,FL DEP,FL DEP NED,STORET/WQX,Orthophosphate,Orthophosphate,Orthophosphate,,,,,,,unknown,,,Orthophosphate as P,125,,
1,FL DEP,FL DEP NED,STORET/WQX,Orthophosphate,Orthophosphate,Orthophosphate,,,,Dissolved,dissolved,filtered,filtered,,,Orthophosphate as P,425,,
0,FL DEP,FL DEP NED,STORET/WQX,Total dissolved phosphorus,Phosphorus (all),Dissolved phosphorus,,,,Dissolved,dissolved,filtered,filtered,,,Phosphate-phosphorus as P,2,,
2,FL DEP,FL DEP NED,STORET/WQX,Total phosphorus,Phosphorus (all),Total phosphorus,,,,Total,total,total,unfiltered,,,Phosphate-phosphorus,418,,
1,FL DEP,FL DEP NWD,STORET/WQX,Orthophosphate,Orthophosphate,Orthophosphate,,,,Dissolved,dissolved,filtered,filtered,,,Orthophosphate as P,32,,
2,FL DEP,FL DEP NWD,STORET/WQX,Total phosphorus,Phosphorus (all),Total phosphorus,,,,Total,total,total,unfiltered,,,Phosphate-phosphorus,681,,
2,FL DEP,FL DEP OCEC,STORET/WQX,Total phosphorus,Phosphorus (all),Total phosphorus,,,,Total,total,total,total,,,Phosphate-phosphorus,1361,,
1,FL DEP,FL DEP SD,STORET/WQX,Orthophosphate,Orthophosphate,Orthophosphate,,,,Dissolved,dissolved,filtered,filtered,,,Orthophosphate as P,921,,
2,FL DEP,FL DEP SD,STORET/WQX,Total phosphorus,Phosphorus (all),Total phosphorus,,,,Total,total,total,unfiltered,,,Phosphate-phosphorus,403,,
0,FL DEP,FL DEP SD,STORET/WQX,Total phosphorus,Phosphorus (all),Total phosphorus,,,,Total,total,total,unfiltered,,,Phosphate-phosphorus as PO4,227,,
1,FL DEP,FL DEP SED,STORET/WQX,Organic phosphorus,Organic phosphorus,Organic phosphorus,,,,Total,total,total,unfiltered,,,Organic phosphorus as P,135,,
1,FL DEP,FL DEP SED,STORET/WQX,Orthophosphate,Orthophosphate,Orthophosphate,,,,,,,unknown,,,Orthophosphate as P,404,,
1,FL DEP,FL DEP SED,STORET/WQX,Orthophosphate,Orthophosphate,Orthophosphate,,,,Dissolved,dissolved,filtered,filtered,,,Orthophosphate as P,456,,
2,FL DEP,FL DEP SED,STORET/WQX,Total phosphorus,Phosphorus (all),Total phosphorus,,,,Total,total,total,unfiltered,,,Phosphate-phosphorus,475,,
2,FL DEP,FL DEP SP,STORET/WQX,Total phosphorus,,Total phosphorus,,,,Total,,,,,,Phosphate-phosphorus ,1127,,
2,FL DEP,FL DEP SWD,STORET/WQX,Total phosphorus,,Total phosphorus,,,,Total,,,,,,Phosphate-phosphorus,681,,
0,FL DERM,FL DERM,STORET/WQX,Orthophosphate,Orthophosphate,Orthophosphate,,,,,,,unknown,,,Orthophosphate as PO4,40,,
0,FL DERM,FL DERM,STORET/WQX,Orthophosphate,Orthophosphate,Orthophosphate,,,,Dissolved,dissolved,filtered,filtered,,,Orthophosphate as PO4,579,,
0,FL DERM,FL DERM,STORET/WQX,Orthophosphate,Orthophosphate,Orthophosphate,,,,Total,total,total,unfiltered,,,Orthophosphate as PO4,484,,
1,FL DERM,FL DERM,STORET/WQX,Total dissolved phosphorus,Phosphorus (all),Dissolved phosphorus,,,,Dissolved,dissolved,filtered,filtered,,,Phosphate-phosphorus as PO4,58,,
2,FL DERM,FL DERM,STORET/WQX,Total dissolved phosphorus,Phosphorus (all),Dissolved phosphorus,,,,Dissolved,dissolved,filtered,filtered,,,Phosphate-phosphorus ,,,
2,FL DERM,FL DERM,STORET/WQX,Total phosphorus,Phosphorus (all),Total phosphorus,,,,Total,total,total,unfiltered,,,Phosphate-phosphorus,534,,
0,FL DERM,FL DERM,STORET/WQX,Total phosphorus,Phosphorus (all),Total phosphorus,,,,Total,total,total,unfiltered,,,Phosphate-phosphorus as PO4,4176,,
0,FL DERM,FL DERM,STORET/WQX,Total phosphorus,Phosphorus (all),Total phosphorus,,,,Total,total,total,unfiltered,,,Phosphate-phosphorus as PO4,2617,,
0,FL DERM,FL DERM,STORET/WQX,Total phosphorus,Phosphorus (all),Total phosphorus,,,,Total,total,total,unfiltered,,,Phosphorus,531,,
2,FL DERM,FL DERM,STORET/WQX,,,,,,,,,,,,,Phosphate-phosphorus ,,,
0,FL FWCC,FL FWCC,STORET/WQX,Orthophosphate,Orthophosphate,Orthophosphate,,,,,,,unknown,,,Orthophosphate as P,3746,,
0,FL FWCC,FL FWCC,STORET/WQX,Orthophosphate,Orthophosphate,Orthophosphate,,,,,,,unknown,,,Orthophosphate as PO4,1066,,
1,FL HLCE,FL HLCE,STORET/WQX,Orthophosphate,Orthophosphate,Orthophosphate,,,,Dissolved,dissolved,filtered,filtered,,,Orthophosphate as P,9980,,
0,FL HLCE,FL HLCE,STORET/WQX,Total phosphorus,Phosphorus (all),Total phosphorus,,,,Total,total,total,unfiltered,,,Phosphorus,9999,,
2,FL HLCE,FL HLCE,STORET/WQX,Total phosphorus,,Total phosphorus,,,,Total,,,,,,Phosphate-phosphorus ,11910,,
1,FL IMCA,FL IMCA,STORET/WQX,Orthophosphate,Orthophosphate,Orthophosphate,,,,Dissolved,dissolved,filtered,filtered,,,Orthophosphate as P,137,,
0,FL IMCA,FL IMCA,STORET/WQX,Total phosphorus,Phosphorus (all),Total phosphorus,,,,Total,total,total,unfiltered,,,Phosphorus,358,,
0,FL LCHCD,FL LCHCD,STORET/WQX,Orthophosphate,Orthophosphate,Orthophosphate,,,,Dissolved,dissolved,filtered,filtered,,,Orthophosphate as P,364,,
0,FL LCHCD,FL LCHCD,STORET/WQX,Total phosphorus,Phosphorus (all),Total phosphorus,,,,Total,total,total,unfiltered,,,Phosphate-phosphorus as P,364,,
1,FL LCPW,FL LCPW,STORET/WQX,Orthophosphate,Orthophosphate,Orthophosphate,,,,,,,unknown,,,Orthophosphate as P,79,,
1,FL LCPW,FL LCPW,STORET/WQX,Orthophosphate,Orthophosphate,Orthophosphate,,,,Dissolved,dissolved,filtered,filtered,,,Orthophosphate as P,4,only 4 dissolved records,"Not very many totals either, these will likely get dropped during screening"
1,FL LCPW,FL LCPW,STORET/WQX,Orthophosphate,Orthophosphate,Orthophosphate,,,,Total,total,total,unfiltered,,,Orthophosphate as P,261,only 4 dissolved records,"Not very many totals either, these will likely get dropped during screening"
3,FL LCPW,FL LCPW,STORET/WQX,Total phosphorus,Phosphorus (all),Total phosphorus,,,,Total,total,total,unfiltered,,,Phosphate-phosphorus,217,only 4 dissolved records,"Not very many totals either, these will likely get dropped during screening"
0,FL LCRM,FL LCRM,STORET/WQX,Orthophosphate,Orthophosphate,Orthophosphate,,,,Dissolved,dissolved,filtered,filtered,,,Orthophosphate as P,149,,
0,FL LCRM,FL LCRM,STORET/WQX,Orthophosphate,Orthophosphate,Orthophosphate,,,,Total,total,total,unfiltered,,,Orthophosphate as P,132,,
2,FL LCRM,FL LCRM,STORET/WQX,Total phosphorus,Phosphorus (all),Total phosphorus,,,,Total,total,total,unfiltered,,,Phosphate-phosphorus ,561,,
1,FL LEECO,FL LEECO,STORET/WQX,Orthophosphate,Orthophosphate,Orthophosphate,,,,Total,total,total,total,,MLR- contact re: unknown fraction,Orthophosphate as P,22112,,
1,FL LEECO,FL LEECO,STORET/WQX,Total phosphorus,Phosphorus (all),Total phosphorus,,,,Total,total,total,total,,,Phosphorus,22104,,
0,FL LRD,FL LRD,STORET/WQX,Orthophosphate,Orthophosphate,Orthophosphate,,,,Dissolved,dissolved,filtered,filtered,,,Orthophosphate as P,1961,,
0,FL LRD,FL LRD,STORET/WQX,Orthophosphate,Orthophosphate,Orthophosphate,,,,Total,total,total,unfiltered,,,Orthophosphate as P,233,,
2,FL LRD,FL LRD,STORET/WQX,Total phosphorus,Phosphorus (all),Total phosphorus,,,,Total,total,total,unfiltered,,,Phosphate-phosphorus,3363,,
0,FL LRD,FL LRD,STORET/WQX,Total phosphorus,Phosphorus (all),Total phosphorus,,,,Total,total,total,unfiltered,,,Phosphorus,544,,
0,FL MCEMD,FL MCEMD,STORET/WQX,Orthophosphate,Orthophosphate,Orthophosphate,,,,Total,total,total,total,,,Orthophosphate as P,4389,,
2,FL MCEMD,FL MCEMD,STORET/WQX,Total phosphorus,Phosphorus (all),Total phosphorus,,,,Total,total,total,total,,,Phosphate-phosphorus,8140,,
0,FL MCGL,FL MCGL,STORET/WQX,Organic phosphorus,Organic phosphorus,Organic phosphorus,,,,,,,unknown,,,Organic phosphorus,52,,
0,FL MCGL,FL MCGL,STORET/WQX,Orthophosphate,Orthophosphate,Orthophosphate,,,,,,,unknown,,,Orthophosphate as P,52,,
0,FL MCGL,FL MCGL,STORET/WQX,Orthophosphate,Orthophosphate,Orthophosphate,,,,,,,unknown,,,Orthophosphate as PO4,198,,
1,FL NAPLES,FL NAPLES,STORET/WQX,Orthophosphate,Orthophosphate,Orthophosphate,,,,Dissolved,dissolved,filtered,filtered,,,Orthophosphate as P,732,,
0,FL NAPLES,FL NAPLES,STORET/WQX,Total phosphorus,Phosphorus (all),Total phosphorus,,,,Total,total,total,unfiltered,,,Phosphate-phosphorus as P,732,,
1,FL NAPLES,FL NAPLES,STORET/WQX,Total phosphorus,Phosphorus (all),Total phosphorus,,,,Total,total,total,unfiltered,,,Phosphorus,8,,
1,FL OCEP,FL OCEP,STORET/WQX,Orthophosphate,Orthophosphate,Orthophosphate,,,,Total,total,total,unfiltered,,,Orthophosphate as P,306,,
1,FL OCEP,FL OCEP,STORET/WQX,Orthophosphate,Orthophosphate,Orthophosphate,,,,Total,total,total,unfiltered,,,Orthophosphate as PO4,285,,
1,FL OCEP,FL OCEP,STORET/WQX,Total dissolved phosphorus,Phosphorus (all),Dissolved phosphorus,,,,Dissolved,dissolved,filtered,filtered,,,Phosphate-phosphorus as P,56,,
2,FL OCEP,FL OCEP,STORET/WQX,Total dissolved phosphorus,Phosphorus (all),Dissolved phosphorus,,,,Filterable,filterable,filtered,filtered,,,Phosphate-phosphorus,1451,,
2,FL OCEP,FL OCEP,STORET/WQX,Total phosphorus,Phosphorus (all),Total phosphorus,,,,Total,total,total,unfiltered,,,Phosphate-phosphorus,2209,,
1,FL OCEP,FL OCEP,STORET/WQX,Total phosphorus,Phosphorus (all),Total phosphorus,,,,Total,total,total,unfiltered,,,Phosphorus,87,,
0,FL PBCERMD,FL PBCERMD,STORET/WQX,Orthophosphate,Orthophosphate,Orthophosphate,,,,,,,unknown,,,Orthophosphate as P,27,,
0,FL PBCERMD,FL PBCERMD,STORET/WQX,Orthophosphate,Orthophosphate,Orthophosphate,,,,Total,total,total,total,,,Orthophosphate as P,326,,
2,FL PBCERMD,FL PBCERMD,STORET/WQX,Total phosphorus,Phosphorus (all),Total phosphorus,,,,Total,total,total,total,,,Phosphate-phosphorus,356,,
0,FL PCDEM,FL PCDEM,STORET/WQX,Orthophosphate,Orthophosphate,Orthophosphate,,,,,,,unknown,,MLR- contact re: unknown fraction,Orthophosphate as P,2633,,
0,FL PCDEM,FL PCDEM,STORET/WQX,Orthophosphate,Orthophosphate,Orthophosphate,,,,Dissolved,dissolved,filtered,filtered,,,Orthophosphate as P,2360,,
0,FL PCDEM,FL PCDEM,STORET/WQX,Orthophosphate,Orthophosphate,Orthophosphate,,,,Total,total,total,unfiltered,,,Orthophosphate as P,339,,
2,FL PCDEM,FL PCDEM,STORET/WQX,Total phosphorus,Phosphorus (all),Total phosphorus,,,,Total,total,total,unfiltered,,,Phosphate-phosphorus,2702,,
2,FL PCDEM,FL PCDEM,STORET/WQX,,,,,,,,,,,,,Phosphate-phosphorus,2702,,
1,FL PCSW,FL PCSW,STORET/WQX,Total phosphorus,Phosphorus (all),Total phosphorus,,,,Total,total,total,total,,no remark codes,Phosphate-phosphorus as P,11007,,
1,FL PCWR,FL PCWR,STORET/WQX,Orthophosphate,Orthophosphate,Orthophosphate,,,,Dissolved,dissolved,filtered,filtered,,,Orthophosphate as P,57,,
1,FL PCWR,FL PCWR,STORET/WQX,Orthophosphate,Orthophosphate,Orthophosphate,,,,Dissolved,dissolved,filtered,filtered,,,Orthophosphate as PO4,2,,
2,FL PCWR,FL PCWR,STORET/WQX,Total phosphorus,Phosphorus (all),Total phosphorus,,,,Total,total,total,unfiltered,,,Phosphate-phosphorus,506,,
2,FL PCWR,FL PCWR,STORET/WQX,,,,,,,,,,,,,Phosphate-phosphorus,506,,
1,FL PRMRWS,FL PRMRWS,STORET/WQX,Orthophosphate,Orthophosphate,Orthophosphate,,,,,,,unknown,,,Orthophosphate as P,373,,
1,FL PRMRWS,FL PRMRWS,STORET/WQX,Orthophosphate,Orthophosphate,Orthophosphate,,,,Dissolved,dissolved,filtered,filtered,,,Orthophosphate as P,1880,,
1,FL PRMRWS,FL PRMRWS,STORET/WQX,Orthophosphate,Orthophosphate,Orthophosphate,,,,Total,total,total,unfiltered,,,Orthophosphate as P,120,,
0,FL PRMRWS,FL PRMRWS,STORET/WQX,Total phosphorus,Phosphorus (all),Total phosphorus,,,,Total,total,total,unfiltered,,,Phosphorus,2662,,
0,FL RCID,FL RCID,STORET/WQX,Orthophosphate,Orthophosphate,Orthophosphate,,,,Total,total,total,unfiltered,,,Orthophosphate as PO4,330,,
0,FL RCID,FL RCID,STORET/WQX,Total dissolved phosphorus,Phosphorus (all),Dissolved phosphorus,,,,Dissolved,dissolved,filtered,filtered,,,Phosphate-phosphorus as PO4,132,,
2,FL RCID,FL RCID,STORET/WQX,Total phosphorus,Phosphorus (all),Total phosphorus,,,,Total,total,total,unfiltered,,,Phosphate-phosphorus,542,,
0,FL RCID,FL RCID,STORET/WQX,Total phosphorus,Phosphorus (all),Total phosphorus,,,,Total,total,total,unfiltered,,,Phosphate-phosphorus as PO4,31,,
2,FL SCES,FL SCES,STORET/WQX,,,,,,,,,,,,,Phosphorus,,,
0,FL SEMC,FL SEMC,STORET/WQX,Orthophosphate,Orthophosphate,Orthophosphate,,,,Dissolved,dissolved,filtered,filtered,,,Orthophosphate as P,93,,
0,FL SEMC,FL SEMC,STORET/WQX,Orthophosphate,Orthophosphate,Orthophosphate,,,,Total,total,total,unfiltered,,,Orthophosphate as P,250,,
2,FL SEMC,FL SEMC,STORET/WQX,Total phosphorus,Phosphorus (all),Total phosphorus,,,,Total,total,total,unfiltered,,,Phosphate-phosphorus,535,,
2,FL SEMC,FL SEMC,STORET/WQX,,,,,,,,,,,,,Phosphate-phosphorus,,,
2,FL SEMC,FL SEMC,STORET/WQX,,,,,,,Total,,,,,,Polyphosphate,,,
2,FL SEMC,FL SEMC,STORET/WQX,,,,,,,Dissolved,,,,,,Polyphosphate,,,
2,FL SEMC,FL SEMC,STORET/WQX,,,,,,,Filterable,,,,,,Polyphosphate,,,
1,FL SFWMD,FL SFWMD,STORET/WQX,Orthophosphate,Orthophosphate,Orthophosphate,,,,,,,unknown,,MLR- contact re: unknown fraction,Orthophosphate as P,20492,,
1,FL SFWMD,FL SFWMD,STORET/WQX,Orthophosphate,Orthophosphate,Orthophosphate,,,,Total,total,total,unfiltered,,,Orthophosphate as P,1450,,
1,FL SFWMD,FL SFWMD,STORET/WQX,Total dissolved phosphorus,Phosphorus (all),Dissolved phosphorus,,,,Dissolved,dissolved,filtered,filtered,,,Phosphate-phosphorus as P,80,,
1,FL SFWMD,FL SFWMD,STORET/WQX,Total dissolved phosphorus,Phosphorus (all),Dissolved phosphorus,,,,Dissolved,dissolved,filtered,filtered,,,Phosphorus,389,,
1,FL SFWMD,FL SFWMD,STORET/WQX,Total phosphorus,Phosphorus (all),Total phosphorus,,,,Total,total,total,unfiltered,,,Phosphate-phosphorus as P,1226,,
1,FL SFWMD,FL SFWMD,STORET/WQX,Total phosphorus,Phosphorus (all),Total phosphorus,,,,Total,total,total,unfiltered,,,Phosphorus,25447,,
0,FL SJWMD,FL SJWMD,STORET/WQX,Orthophosphate,Orthophosphate,Orthophosphate,,,,Dissolved,dissolved,filtered,filtered,,,Orthophosphate as P,35817,,
0,FL SJWMD,FL SJWMD,STORET/WQX,Orthophosphate,Orthophosphate,Orthophosphate,,,,Total,total,total,unfiltered,,,Orthophosphate as P,9923,,
2,FL SJWMD,FL SJWMD,STORET/WQX,Total dissolved phosphorus,Phosphorus (all),Dissolved phosphorus,,,,Dissolved,dissolved,filtered,filtered,,,Phosphate-phosphorus,29975,,
2,FL SJWMD,FL SJWMD,STORET/WQX,Total phosphorus,Phosphorus (all),Total phosphorus,,,,Total,total,total,unfiltered,,,Phosphate-phosphorus,41429,,
2,FL SMRC,FL SMRC,STORET/WQX,Total phosphorus,,Total phosphorus,,,,Total,,,,,,Phosphate-phosphorus,,,
2,FL SMRC,FL SMRC,STORET/WQX,,,,,,,,,,,,,Phosphate-phosphorus,,,
1,FL SRWMD,FL SRWMD,STORET/WQX,Orthophosphate,Orthophosphate,Orthophosphate,,,,Dissolved,dissolved,filtered,filtered,,,Orthophosphate as P,9778,,
1,FL SRWMD,FL SRWMD,STORET/WQX,Orthophosphate,Orthophosphate,Orthophosphate,,,,Total,total,total,unfiltered,,,Orthophosphate as PO4,1073,,
1,FL SRWMD,FL SRWMD,STORET/WQX,Orthophosphate,Orthophosphate,Orthophosphate,,,,Total,total,total,unfiltered,,,Soluble Reactive Phosphorus (SRP),512,,
2,FL SRWMD,FL SRWMD,STORET/WQX,Total phosphorus,Phosphorus (all),Total phosphorus,,,,Total,total,total,unfiltered,,,Phosphate-phosphorus,170,,
1,FL SRWMD,FL SRWMD,STORET/WQX,Total phosphorus,Phosphorus (all),Total phosphorus,,,,Total,total,total,unfiltered,,,Phosphorus,11202,,
0,FL SWFWMD,FL SWFWMD,STORET/WQX,Orthophosphate,Orthophosphate,Orthophosphate,,,,Dissolved,dissolved,filtered,filtered,,,Orthophosphate as P,11466,,
0,FL SWFWMD,FL SWFWMD,STORET/WQX,Orthophosphate,Orthophosphate,Orthophosphate,,,,Total,total,total,unfiltered,,,Orthophosphate as P,830,,
2,FL SWFWMD,FL SWFWMD,STORET/WQX,Total phosphorus,Phosphorus (all),Total phosphorus,,,,Total,total,total,unfiltered,,,Phosphate-phosphorus,7658,,
0,FL TAMP,FL TAMP,STORET/WQX,Orthophosphate,Orthophosphate,Orthophosphate,,,,Total,total,total,total,,,Orthophosphate as P,944,,
0,FL TAMP,FL TAMP,STORET/WQX,Total phosphorus,Phosphorus (all),Total phosphorus,,,,Total,total,total,total,,,Phosphorus,945,,
0,FL TBW,FL TBW,STORET/WQX,Orthophosphate,Orthophosphate,Orthophosphate,,,,,filtered,filtered,filtered,,,Orthophosphate as P,71,,
2,FL TBW,FL TBW,STORET/WQX,Total phosphorus,,Total phosphorus,,,,Total,,,,,,Phosphate-phosphorus,71,,
2,FL TBW,FL TBW,STORET/WQX,,,,,,,,,,,,,Phosphate-phosphorus,71,,
2,FL TSF,FL TSF,STORET/WQX,Total phosphorus,,Total phosphorus,,,,Total,,,,,,Phosphorus,,,
2,FL TSF,FL TSF,STORET/WQX,,,,,,,,,,,,,,,,
0,FL VCEHL,FL VCEHL,STORET/WQX,Orthophosphate,Orthophosphate,Orthophosphate,,,,Dissolved,dissolved,filtered,filtered,,,Orthophosphate as P,1042,,
0,FL VCEHL,FL VCEHL,STORET/WQX,Orthophosphate,Orthophosphate,Orthophosphate,,,,Filterable,filterable,filtered,filtered,,,Orthophosphate as P,979,,
1,FL VCEHL,FL VCEHL,STORET/WQX,Total dissolved phosphorus,Phosphorus (all),Dissolved phosphorus,,,,Dissolved,dissolved,filtered,filtered,,,Phosphorus,96,,
1,FL VCEHL,FL VCEHL,STORET/WQX,Total phosphorus,Phosphorus (all),Total phosphorus,,,,Total,total,total,unfiltered,,,Phosphate-phosphorus,1770,,
1,FL VCEHL,FL VCEHL,STORET/WQX,Total phosphorus,Phosphorus (all),Total phosphorus,,,,Total,total,total,unfiltered,,,Phosphorus,96,,
1,GA DNR,GA DNR,STORET/WQX,Orthophosphate,Orthophosphate,Orthophosphate,,,,,filtered,filtered,filtered,,,Orthophosphate,730,,
1,GA DNR,GA DNR,STORET/WQX,Orthophosphate,Orthophosphate,Orthophosphate,,,,Dissolved,dissolved,filtered,filtered,,,Orthophosphate as P,268,,
1,GA DNR,GA DNR,STORET/WQX,Orthophosphate,Orthophosphate,Orthophosphate,,,,,filtered,filtered,filtered,,,Orthophosphate as P,54,,
2,GA DNR,GA DNR,STORET/WQX,Orthophosphate,,Orthophosphate,,,,DIssolved,,,,,,Soluble Reactive Phosphorus (SRP),4299,,
1,GA DNR,GA DNR,STORET/WQX,Total dissolved phosphorus,Phosphorus (all),Dissolved phosphorus,,,,Dissolved,dissolved,filtered,filtered,,,Phosphate-phosphorus,2323,,
2,GA DNR,GA DNR,STORET/WQX,Total dissolved phosphorus,Phosphorus (all),Dissolved phosphorus,,,,Dissolved,dissolved,filtered,filtered,,,Phosphate-phosphorus,136,,
2,GA DNR,GA DNR,STORET/WQX,Total phosphorus,Phosphorus (all),Total phosphorus,,,,Total,total,total,unfiltered,,,Phosphate-phosphorus,5671,,
1,GA DNR,GA DNR,STORET/WQX,Total phosphorus,Phosphorus (all),Total phosphorus,,,,Total,total,total,unfiltered,,,Phosphorus,4299,,
0,HI DOH,HI DOH CWB,STORET/WQX,Orthophosphate,Orthophosphate,Orthophosphate,,,,Dissolved,dissolved,filtered,filtered,,,Orthophosphate as P,164,,
0,HI DOH,HI DOH CWB,STORET/WQX,Orthophosphate,Orthophosphate,Orthophosphate,,,,Total,total,total,unfiltered,,,Orthophosphate as P,459,,
0,HI DOH,HI DOH CWB,STORET/WQX,Total dissolved phosphorus,Phosphorus (all),Dissolved phosphorus,,,,Dissolved,dissolved,filtered,filtered,,,Phosphorus,164,,
0,HI DOH,HI DOH CWB,STORET/WQX,Total phosphorus,Phosphorus (all),Total phosphorus,,,,Total,total,total,unfiltered,,,Phosphorus,538,,
2,ID BHMMC,ID BHMMC,STORET/WQX,Total phosphorus,,Total phosphorus,,,,Total,,,,,,Phosphorus,,,
2,ID BHMMC,ID BHMMC,STORET/WQX,Total dissolved phosphorus,,Dissolved phosphorus,,,,Dissolved,,,,,,Phosphorus,,,
2,ID TCD,ID TCD,STORET/WQX,Total phosphorus,,Total phosphorus,,,,Total,,,,,,Phosphorus,,,
2,ID TCD,ID TCD,STORET/WQX,Total dissolved phosphorus,,Dissolved phosphorus,,,,Dissolved,,,,,,Phosphorus,,,
2,ID JRSFC,ID JRSFC,STORET/WQX,Total phosphorus,,Total phosphorus,,,,Total,,,,,,Phosphorus,,,
2,ID JRSFC,ID JRSFC,STORET/WQX,Total dissolved phosphorus,,Dissolved phosphorus,,,,Dissolved,,,,,,Phosphorus,,,
2,ID TNP,ID TNP,STORET/WQX,Total phosphorus,,Total phosphorus,,,,Total,,,,,,Phosphorus,,,
2,ID TNP,ID TNP,STORET/WQX,Total dissolved phosphorus,,Dissolved phosphorus,,,,Dissolved,,,,,,Phosphorus,,,
2,ID TNP,ID TNP,STORET/WQX,,,,,,,Unknown,,,,,,Phosphorus,,,
2,ID TSB,ID TSB,STORET/WQX,Total phosphorus,,Total phosphorus,,,,Total,,,,,,Phosphorus,,,
2,ID TSB,ID TSB,STORET/WQX,,,,,,,Unknown,,,,,,Phosphorus,,,
1,IA DNR,IA DNR,STORET/WQX,Orthophosphate,Orthophosphate,Orthophosphate,,,,Dissolved,dissolved,filtered,filtered,,,Orthophosphate as P,13501,,
1,IA DNR,IA DNR,STORET/WQX,Orthophosphate,Orthophosphate,Orthophosphate,,,,Filterable,filterable,filtered,filtered,,,Orthophosphate as P,10129,,
1,IA DNR,IA DNR,STORET/WQX,Orthophosphate,Orthophosphate,Orthophosphate,,,,Total,total,total,unfiltered,,,Orthophosphate as P,440,,
2,IA DNR,IA DNR,STORET/WQX,Total phosphorus,Phosphorus (all),Total phosphorus,,,,Total,total,total,unfiltered,,,Phosphate-phosphorus,26304,,
2,IA DNR,IA DNR,STORET/WQX,Total phosphorus,Phosphorus (all),Total phosphorus,,,,Total,total,total,unfiltered,,,Phosphorus,26304,,
1,IA GSWSP,IA GSWSP,STORET/WQX,Orthophosphate,Orthophosphate,Orthophosphate,,,,Dissolved,dissolved,filtered,filtered,,,Orthophosphate as P,9,,
1,IA GSWSP,IA GSWSP,STORET/WQX,Orthophosphate,Orthophosphate,Orthophosphate,,,,Total,total,total,unfiltered,,,Orthophosphate as P,9,,
1,IA GSWSP,IA GSWSP,STORET/WQX,Total phosphorus,Phosphorus (all),Total phosphorus,,,,Total,total,total,unfiltered,,,Phosphate-phosphorus as P,54,,
0,IA VWMP,IA VWMP,STORET/WQX,Orthophosphate,Orthophosphate,Orthophosphate,,,,,,,unknown,,,Orthophosphate,2818,,
0,IA VWMP,IA VWMP,STORET/WQX,Orthophosphate,Orthophosphate,Orthophosphate,,,,Total,total,total,total,,,Orthophosphate,2184,"agency only has total, don't think we can assume unfiltered",Corrected
0,IL EPA,IL EPA,STORET/WQX,Total dissolved phosphorus,Phosphorus (all),Dissolved phosphorus,,,,Dissolved,dissolved,filtered,filtered,,,Phosphate-phosphorus as P,372,,
1,IL EPA,IL EPA,STORET/WQX,Total dissolved phosphorus,Phosphorus (all),Dissolved phosphorus,,,,Dissolved,dissolved,filtered,filtered,,,Phosphorus,3739,,
0,IL EPA,IL EPA,STORET/WQX,Total phosphorus,Phosphorus (all),Total phosphorus,,,,Total,total,total,unfiltered,,,Phosphate-phosphorus as P,372,,
0,IL EPA,IL EPA,STORET/WQX,Total phosphorus,Phosphorus (all),Total phosphorus,,,,Total,total,total,unfiltered,,,Phosphorus,3738,,
0,IL MWRDGC,IL MWRDGC,STORET/WQX,Total dissolved phosphorus,Phosphorus (all),Dissolved phosphorus,,,,Dissolved,dissolved,filtered,filtered,,,Phosphorus,1080,,
0,IL MWRDGC,IL MWRDGC,STORET/WQX,Total phosphorus,Phosphorus (all),Total phosphorus,,,,Total,total,total,unfiltered,,,Phosphorus,2179,,
1,IN DEM,IN DEM,STORET/WQX,Total phosphorus,Phosphorus (all),Total phosphorus,,,,Total,total,total,total,,,Phosphorus,927,,
1,IN DEM,IN STOR,STORET/WQX,Total phosphorus,Phosphorus (all),Total phosphorus,,,,Total,total,total,unfiltered,,,Phosphorus,33550,,
1,KS DHE,KS DHE,STORET/WQX,Orthophosphate,Orthophosphate,Orthophosphate,,,,,unfiltered,unfiltered,unfiltered,,,Orthophosphate,10892,,
0,KS DHE,KS DHE,STORET/WQX,Total phosphorus,Phosphorus (all),Total phosphorus,,,,Total,total,total,unfiltered,,,Phosphorus,12207,,
1,KS TQTO,KS TQTO,STORET/WQX,Orthophosphate,Orthophosphate,Orthophosphate,,,,Total,total,total,total,,,Orthophosphate as P,249,,
2,KS TQTO,KS TQTO,STORET/WQX,,,,,,,Unknown,,,,,,Phosphorus,249,,
2,KS TPBPN,KS TPBPN,STORET/WQX,Total phosphorus,,Total phosphorus,,,,Total,,,,,,Phosphorus,,,
2,KS TKTK,KS TKTK,STORET/WQX,Total dissolved phosphorus,,Dissolved phosphorus,,,,Dissolved,,,,,,Phosphorus,,,
2,KS BRWA,KS BRWA,STORET/WQX,,,,,,,Unknown,,,,,,Phosphate-phosphorus,,,
2,KS WO,KS WO,STORET/WQX,Total dissolved phosphorus,,Dissolved phosphorus,,,,Dissolved,,,,,,Phosphate-phosphorus,,,
2,KS WO,KS WO,STORET/WQX,Total phosphorus,,Total phosphorus,,,,Total,,,,,,Phosphorus,,,
0,KY DEP,KY DEP,STORET/WQX,Total phosphorus,Phosphorus (all),Total phosphorus,,,,Total,total,total,total,,,Phosphate-phosphorus as P,4387,,
1,KY DEP,KY DEP,STORET/WQX,Total phosphorus,Phosphorus (all),Total phosphorus,,,,Total,total,total,total,,,Phosphorus,2251,,
0,LA DEQ,LA DEQ WPD,STORET/WQX,Total phosphorus,Phosphorus (all),Total phosphorus,,,,Total,total,total,total,,,Phosphorus,1800,,
1,MA CRWA,MA CRWA,STORET/WQX,Orthophosphate,Orthophosphate,Orthophosphate,,,,Dissolved,dissolved,filtered,filtered,,,Orthophosphate,70,,
0,MA CRWA,MA CRWA,STORET/WQX,Total phosphorus,Phosphorus (all),Total phosphorus,,,,Total,total,total,unfiltered,,,Phosphorus,77,,
1,MA DEP,MA DEP,STORET/WQX,Orthophosphate,Orthophosphate,Orthophosphate,,,,Dissolved,dissolved,filtered,filtered,,,Orthophosphate as P,17,,
0,MA DEP,MA DEP,STORET/WQX,Total phosphorus,Phosphorus (all),Total phosphorus,,,,Total,total,total,unfiltered,,,Phosphorus as P,21,,
0,MA MRWA,MA MRWA,STORET/WQX,Total phosphorus,Phosphorus (all),Total phosphorus,,,,Total,total,total,total,,MLR- contact re: unknown fraction,Phosphorus as P,2114,,
2,MD CDP,MD CDP,STORET/WQX,Total phosphorus,,Total phosphorus,,,,None,,,,,,"Total Phosphorus, mixed forms",,,
0,MD DNR,MD DNR,STORET/WQX,Orthophosphate,Orthophosphate,Orthophosphate,,,,Dissolved,dissolved,filtered,filtered,,,Orthophosphate as P,34964,,
0,MD DNR,MD DNR,STORET/WQX,Total dissolved phosphorus,Phosphorus (all),Dissolved phosphorus,,,,Dissolved,dissolved,filtered,filtered,,,Phosphorus as PO4,34945,,
1,MD DNR,MD DNR,STORET/WQX,Total phosphorus,Phosphorus (all),Total phosphorus,,,,Total,total,total,unfiltered,,,Phosphorus,25088,,
1,MD DOE,MD DOE HWD,STORET/WQX,Organic phosphorus,Organic phosphorus,Organic phosphorus,,,,Dissolved,dissolved,filtered,filtered,,,Organic phosphorus as P,920,,
1,MD DOE,MD DOE HWD,STORET/WQX,Organic phosphorus,Organic phosphorus,Organic phosphorus,,,,Total,total,total,unfiltered,,,Organic phosphorus as P,888,,
0,MD DOE,MD DOE HWD,STORET/WQX,Orthophosphate,Orthophosphate,Orthophosphate,,,,Dissolved,dissolved,filtered,filtered,,,Orthophosphate as P,959,,
1,MD DOE,MD DOE HWD,STORET/WQX,Total dissolved phosphorus,Phosphorus (all),Dissolved phosphorus,,,,Dissolved,dissolved,filtered,filtered,,,Phosphate-phosphorus as P,920,,
1,MD DOE,MD DOE HWD,STORET/WQX,Total phosphorus,Phosphorus (all),Total phosphorus,,,,Total,total,total,unfiltered,,,Phosphate-phosphorus as P,1838,,
1,MI DEQ,MI DEQ,STORET/WQX,Orthophosphate,Orthophosphate,Orthophosphate,,,,Total,total,total,total,,,Orthophosphate as P,872,,
1,MI DEQ,MI DEQ,STORET/WQX,Total phosphorus,Phosphorus (all),Total phosphorus,,,,Total,total,total,total,,,Phosphorus,877,,
0,MI TBMIC,MI TBMIC,STORET/WQX,Total dissolved phosphorus,Phosphorus (all),Dissolved phosphorus,,,,Dissolved,dissolved,filtered,filtered,,,Phosphate-phosphorus,18,,
1,MI TBMIC,MI TBMIC,STORET/WQX,Total dissolved phosphorus,Phosphorus (all),Dissolved phosphorus,,,,Dissolved,dissolved,filtered,filtered,,,Phosphorus as PO4,60,,
0,MI TBMIC,MI TBMIC,STORET/WQX,Total phosphorus,Phosphorus (all),Total phosphorus,,,,Total,total,total,unfiltered,,,Phosphate-phosphorus,18,,
1,MI TBMIC,MI TBMIC,STORET/WQX,Total phosphorus,Phosphorus (all),Total phosphorus,,,,Total,total,total,unfiltered,,,Phosphorus,73,,
0,MI TBMIC,MI TBMIC,STORET/WQX,Total phosphorus,Phosphorus (all),Total phosphorus,,,,Total,total,total,unfiltered,,,Phosphorus as P,60,,
0,MI TLRBOI,MI TLRBOI,STORET/WQX,Total phosphorus,Phosphorus (all),Total phosphorus,,,,Total,total,total,total,,,Phosphate-phosphorus as P,111,,
2,MI TPBPI,MI TPBPI,STORET/WQX,Total phosphorus,,,,,,Total,,,,,,Phosphorus,,,
0,MN PCA,MN PCA,STORET/WQX,Organic phosphorus,Organic phosphorus,Organic phosphorus,,,,Total,total,total,unfiltered,,,Organic phosphorus as P,1485,,
0,MN PCA,MN PCA,STORET/WQX,Orthophosphate,Orthophosphate,Orthophosphate,,,,Dissolved,dissolved,filtered,filtered,,,Orthophosphate as P,9146,,
0,MN PCA,MN PCA,STORET/WQX,Orthophosphate,Orthophosphate,Orthophosphate,,,,Total,total,total,unfiltered,,,Orthophosphate as P,25514,,
0,MN PCA,MN PCA,STORET/WQX,Orthophosphate,Orthophosphate,Orthophosphate,,,,Dissolved,dissolved,filtered,filtered,,,Orthophosphate as PO4,529,,
0,MN PCA,MN PCA,STORET/WQX,Orthophosphate,Orthophosphate,Orthophosphate,,,,Total,total,total,unfiltered,,,Orthophosphate as PO4,1,,
0,MN PCA,MN PCA,STORET/WQX,Total dissolved phosphorus,Phosphorus (all),Dissolved phosphorus,,,,Dissolved,dissolved,filtered,filtered,,,Phosphorus as P,2646,,
2,MN PCA,MN PCA,STORET/WQX,Total phosphorus,Phosphorus (all),Total phosphorus,,,,Total,total,total,unfiltered,,,Phosphorus,67973,,
1,MN TRLDNR,MN TRLDNR,STORET/WQX,Orthophosphate,Orthophosphate,Orthophosphate,,,,Dissolved,dissolved,filtered,filtered,,,Orthophosphate as P,631,,
0,MN TRLDNR,MN TRLDNR,STORET/WQX,Total phosphorus,Phosphorus (all),Total phosphorus,,,,Total,total,total,unfiltered,,,Phosphorus as P,915,,
1,MN TSMSC,MN TSMSC,STORET/WQX,Orthophosphate,Orthophosphate,Orthophosphate,,,,Dissolved,dissolved,filtered,filtered,,,Orthophosphate as P,43,,
0,MN TSMSC,MN TSMSC,STORET/WQX,Orthophosphate,Orthophosphate,Orthophosphate,,,,Dissolved,dissolved,filtered,filtered,,,Soluble Reactive Phosphorus (SRP),88,,
0,MN TSMSC,MN TSMSC,STORET/WQX,Total phosphorus,Phosphorus (all),Total phosphorus,,,,Total,total,total,unfiltered,,,Phosphate-phosphorus as P,43,,
1,MN TSMSC,MN TSMSC,STORET/WQX,Total phosphorus,Phosphorus (all),Total phosphorus,,,,Total,total,total,unfiltered,,,Phosphorus,89,,
0,MO CC,MO CC,STORET/WQX,Total phosphorus,Phosphorus (all),Total phosphorus,,,,Total,total,total,total,,,Phosphorus,1700,,
0,MO DNR,MO DNR,STORET/WQX,Orthophosphate,Orthophosphate,Orthophosphate,,,,,,,unknown,,,Orthophosphate as P,70,,
0,MO DNR,MO DNR,STORET/WQX,Total phosphorus,Phosphorus (all),Total phosphorus,,,,Total,total,total,total,,,Phosphorus,1055,,
2,MO MEC,MO MEC,STORET/WQX,Total phosphorus,,Total phosphorus,,,,Total,,,,,,Phosphorus,,,
0,MO MSU,MO MSU,STORET/WQX,Total phosphorus,Phosphorus (all),Total phosphorus,,,,Total,total,total,total,,,Phosphorus,105,,
0,MO UMC,MO UMC,STORET/WQX,Orthophosphate,Orthophosphate,Orthophosphate,,,,,,,unknown,,,Orthophosphate as P,93,,
1,MO UMC,MO UMC,STORET/WQX,Total phosphorus,Phosphorus (all),Total phosphorus,,,,Total,total,total,total,,,Phosphorus,172,,
0,MO VRSR,MO VRSR,STORET/WQX,Orthophosphate,Orthophosphate,Orthophosphate,,,,,,,unknown,,,Orthophosphate as P,3,,
0,MO VRSR,MO VRSR,STORET/WQX,Total phosphorus,Phosphorus (all),Total phosphorus,,,,Total,total,total,total,,,Phosphorus,3,,
0,MO WSSC,MO WSSC,STORET/WQX,Total dissolved phosphorus,Phosphorus (all),Dissolved phosphorus,,,,Dissolved,dissolved,filtered,filtered,,,Phosphate-phosphorus as PO4,195,,
2,MO TSACFOX,MO TSACFOX,STORET/WQX,Total phosphorus,,Total phosphorus,,,,Total,,,,,,Phosphorus,,,
1,MS DEQ,MS DEQ,STORET/WQX,Total phosphorus,Phosphorus (all),Total phosphorus,,,,Total,total,total,total,,,Phosphorus,1580,,
2,MS TBCI,MS TBCI,STORET/WQX,,,Total phosphorus,,,,Total,,,,,,Phosphorus,,,
2,MS TBCI,MS TBCI,STORET/WQX,,,,,,,,,,,,,,,,
0,MT DEQ,MT DEQ WQPB,STORET/WQX,Orthophosphate,Orthophosphate,Orthophosphate,,,,Dissolved,dissolved,filtered,filtered,,,Orthophosphate as P,2993,,
0,MT DEQ,MT DEQ WQPB,STORET/WQX,Orthophosphate,Orthophosphate,Orthophosphate,,,,Total,total,total,unfiltered,,,Orthophosphate as P,1973,,
1,MT DEQ,MT DEQ WQPB,STORET/WQX,Total dissolved phosphorus,Phosphorus (all),Dissolved phosphorus,,,,Dissolved,dissolved,filtered,filtered,,,Phosphate-phosphorus as P,757,,
1,MT DEQ,MT DEQ WQPB,STORET/WQX,Total phosphorus,Phosphorus (all),Total phosphorus,,,,Total,total,total,unfiltered,,,Phosphate-phosphorus as P,5171,,
0,MT PPLC,MT PPLC,STORET/WQX,Orthophosphate,Orthophosphate,Orthophosphate,,,,,,,unknown,,,Orthophosphate as P,310,,
0,MT PPLC,MT PPLC,STORET/WQX,Orthophosphate,Orthophosphate,Orthophosphate,,,,Dissolved,dissolved,filtered,filtered,,,Orthophosphate as P,566,,
0,MT PPLC,MT PPLC,STORET/WQX,Total phosphorus,Phosphorus (all),Total phosphorus,,,,Total,total,total,unfiltered,,,Phosphate-phosphorus as P,582,,
0,MT WD,MT WD,STORET/WQX,Orthophosphate,Orthophosphate,Orthophosphate,,,,,,,unknown,,MLR- contact re: unknown fraction,Orthophosphate as P,2371,,
0,MT WD,MT WD,STORET/WQX,Orthophosphate,Orthophosphate,Orthophosphate,,,,Dissolved,dissolved,filtered,filtered,,,Orthophosphate as P,180,,
0,MT WD,MT WD,STORET/WQX,Orthophosphate,Orthophosphate,Orthophosphate,,,,Filterable,filterable,filtered,filtered,,,Orthophosphate as P,538,,
1,MT WD,MT WD,STORET/WQX,Orthophosphate,Orthophosphate,Orthophosphate,,,,,,,unknown,,,Soluble Reactive Phosphorus (SRP),77,,
1,MT WD,MT WD,STORET/WQX,Total dissolved phosphorus,Phosphorus (all),Dissolved phosphorus,,,,Filterable,filterable,filtered,filtered,,,Phosphate-phosphorus as P,541,,
0,MT WD,MT WD,STORET/WQX,Total dissolved phosphorus,Phosphorus (all),Dissolved phosphorus,,,,Dissolved,dissolved,filtered,filtered,,,Phosphate-phosphorus as PO4,446,,
0,MT WD,MT WD,STORET/WQX,Total dissolved phosphorus,Phosphorus (all),Dissolved phosphorus,,,,Dissolved,dissolved,filtered,filtered,,,Phosphorus,12,,
1,MT WD,MT WD,STORET/WQX,Total phosphorus,Phosphorus (all),Total phosphorus,,,,Total,total,total,unfiltered,,,Phosphate-phosphorus as P,1079,,
2,NC DENR,NC DENR,STORET/WQX,Total phosphorus,Phosphorus (all),Total phosphorus,,,,Total,total,total,total,,,Phosphorus ,28013,,
1,NC DENR,NC DENR DWQ,STORET/WQX,Orthophosphate,Orthophosphate,Orthophosphate,,,,Total,total,total,unfiltered,,,Orthophosphate,264,,
0,NC DENR,NC DENR DWQ,STORET/WQX,Orthophosphate,Orthophosphate,Orthophosphate,,,,Dissolved,dissolved,filtered,filtered,,,Orthophosphate as P,2078,,
1,NC DENR,NC DENR DWQ,STORET/WQX,Orthophosphate,Orthophosphate,Orthophosphate,,,,Total,total,total,unfiltered,,,Orthophosphate as P,34751,,
1,NC DENR,NC DENR DWQ,STORET/WQX,Orthophosphate,Orthophosphate,Orthophosphate,,,,,unfiltered,unfiltered,unfiltered,,,Orthophosphate as P,240,,
1,NC DENR,NC DENR DWQ,STORET/WQX,Orthophosphate,Orthophosphate,Orthophosphate,,,,Total,total,total,unfiltered,,,Orthophosphate as PO4,1039,,
0,NC DENR,NC DENR DWQ,STORET/WQX,Total dissolved phosphorus,Phosphorus (all),Dissolved phosphorus,,,,Dissolved,dissolved,filtered,filtered,,,Phosphate-phosphorus as P,1095,,
1,NC DENR,NC DENR DWQ,STORET/WQX,Total phosphorus,Phosphorus (all),Total phosphorus,,,,Total,total,total,unfiltered,,,Phosphate-phosphorus as P,103237,,
0,NC DENR,NC DENR DWQ,STORET/WQX,Total phosphorus,Phosphorus (all),Total phosphorus,,,,Total,total,total,unfiltered,,,Phosphorus as P,14188,,
2,NC DENR-DWR,21NCMONITORING,STORET/WQX,,,,,,,,,,,,,Phosphorus,,,
1,NC TEBCI,NC TEBCI,STORET/WQX,Orthophosphate,Orthophosphate,Orthophosphate,,,,,,,unknown,,,Orthophosphate,39,,
2,NC TEBCI,NC TEBCI,STORET/WQX,,,,,,,,,,,,,Phosphate-phosphorus,39,,
2,NC TEBCI,NC TEBCI,STORET/WQX,,,Total phosphorus,,,,Total,,,,,,Phosphorus,39,,
0,ND DOH,ND DOH,STORET/WQX,Orthophosphate,Orthophosphate,Orthophosphate,,,,Dissolved,dissolved,filtered,filtered,,,Orthophosphate,2,,
0,ND DOH,ND DOH,STORET/WQX,Orthophosphate,Orthophosphate,Orthophosphate,,,,Total,total,total,unfiltered,,,Orthophosphate as P,2,,
1,ND DOH,ND DOH,STORET/WQX,Total dissolved phosphorus,Phosphorus (all),Dissolved phosphorus,,,,Dissolved,dissolved,filtered,filtered,,,Phosphate-phosphorus as P,1919,,
1,ND DOH,ND DOH,STORET/WQX,Total phosphorus,Phosphorus (all),Total phosphorus,,,,Total,total,total,unfiltered,,,Phosphate-phosphorus as P,14504,,
2,NE DEQ,NE DEQ,STORET/WQX,,,,,,,Unknown,,,,,,Phosphate-phosphorus,,,
2,NE DEQ,NE DEQ,STORET/WQX,Total phosphorus,,Total phosphorus,,,,Total,,,,,,"Total Phosphorus, mixed forms",,,
0,NH DES,NH DES,STORET/WQX,Orthophosphate,Orthophosphate,Orthophosphate,,,,Dissolved,dissolved,filtered,filtered,,,Orthophosphate as P,5,,
1,NH DES,NH DES,STORET/WQX,Total phosphorus,Phosphorus (all),Total phosphorus,,,,Total,total,total,unfiltered,,,Phosphate-phosphorus,111,,
1,NH DES,NH DES,STORET/WQX,Total phosphorus,Phosphorus (all),Total phosphorus,,,,Total,total,total,unfiltered,,,Phosphate-phosphorus as P,423,,
1,NJ DEP,NJ DEP,STORET/WQX,Orthophosphate,Orthophosphate,Orthophosphate,,,,Dissolved,dissolved,filtered,filtered,,,Orthophosphate as P,1693,,
1,NJ DEP,NJ DEP,STORET/WQX,Orthophosphate,Orthophosphate,Orthophosphate,,,,Total,total,total,unfiltered,,,Orthophosphate as P,3233,,
0,NJ DEP,NJ DEP,STORET/WQX,Total dissolved phosphorus,Phosphorus (all),Dissolved phosphorus,,,,Dissolved,dissolved,filtered,filtered,,,Phosphate-phosphorus as P,1690,,
0,NJ DEP,NJ DEP,STORET/WQX,Total phosphorus,Phosphorus (all),Total phosphorus,,,,Total,total,total,unfiltered,,,Phosphate-phosphorus as P,5056,,
1,NJ DEP,NJ DEP BFBM,STORET/WQX,Orthophosphate,Orthophosphate,Orthophosphate,,,,Dissolved,dissolved,filtered,filtered,,,Orthophosphate,85,,
1,NJ DEP,NJ DEP BFBM,STORET/WQX,Orthophosphate,Orthophosphate,Orthophosphate,,,,Dissolved,dissolved,filtered,filtered,,,Orthophosphate as P,323,,
0,NJ DEP,NJ DEP BFBM,STORET/WQX,Total dissolved phosphorus,Phosphorus (all),Dissolved phosphorus,,,,Dissolved,dissolved,filtered,filtered,,,Phosphate-phosphorus as P,787,,
0,NJ DEP,NJ DEP BFBM,STORET/WQX,Total dissolved phosphorus,Phosphorus (all),Dissolved phosphorus,,,,Dissolved,dissolved,filtered,filtered,,,Phosphorus as P,78,,
0,NJ DEP,NJ DEP BFBM,STORET/WQX,Total phosphorus,Phosphorus (all),Total phosphorus,,,,Total,total,total,unfiltered,,,Phosphate-phosphorus as P,781,,
0,NJ DEP,NJ DEP BFBM,STORET/WQX,Total phosphorus,Phosphorus (all),Total phosphorus,,,,Total,total,total,unfiltered,,,Phosphorus as P,78,,
1,NJ DEP,NJ DEP BMWW,STORET/WQX,Orthophosphate,Orthophosphate,Orthophosphate,,,,Total,total,total,unfiltered,,,Orthophosphate as P,7661,,
0,NJ DEP,NJ DEP BMWW,STORET/WQX,Total phosphorus,Phosphorus (all),Total phosphorus,,,,Total,total,total,unfiltered,,,Phosphate-phosphorus as P,6179,,
1,NJ GSWA,NJ GSWA,STORET/WQX,Orthophosphate,Orthophosphate,Orthophosphate,,,,,,,unknown,,,Orthophosphate,47,,
0,NJ HDG,NJ HDG,STORET/WQX,Orthophosphate,Orthophosphate,Orthophosphate,,,,,,,unknown,,MLR- contact re: unknown fraction,Orthophosphate as P,9920,,
0,NJ SBMWA,NJ SBMWA,STORET/WQX,Orthophosphate,Orthophosphate,Orthophosphate,,,,,,,unknown,,,Orthophosphate,417,,
1,NV DECNR,NV DECNR,STORET/WQX,Orthophosphate,Orthophosphate,Orthophosphate,,,,,,,unknown,,MLR- contact re: unknown fraction,Orthophosphate as P,3587,,
0,NV DECNR,NV DECNR,STORET/WQX,Total phosphorus,Phosphorus (all),Total phosphorus,,,,Total,total,total,unfiltered,,,Phosphorus as P,3596,,
0,NV TSP,NV TSP,STORET/WQX,Orthophosphate,Orthophosphate,Orthophosphate,,,,Total,total,total,unfiltered,,,Orthophosphate as P,127,only 3 dissolved records,"Not very many totals either, these will likely get dropped during screening"
2,NV TSP,NV TSP,STORET/WQX,Total phosphorus,Phosphorus (all),Total phosphorus,,,,Total,total,total,unfiltered,,,Phosphate-phosphorus,127,only 3 dissolved records,"Not very many totals either, these will likely get dropped during screening"
2,NV DEP,NV DEP,STORET/WQX,Total phosphorus,,Total phosphorus,,,,Total,,,,,,Phosphorus,,,
0,OH EPA,OH EPA DSW,STORET/WQX,Orthophosphate,Orthophosphate,Orthophosphate,,,,Total,total,total,total,,,Orthophosphate,51,,
0,OH EPA,OH EPA DSW,STORET/WQX,Total phosphorus,Phosphorus (all),Total phosphorus,,,,Total,total,total,total,,,Phosphorus,100,,
1,OK CONC,OK CONC,STORET/WQX,Orthophosphate,Orthophosphate,Orthophosphate,,,,,,,unknown,,,Orthophosphate,15,,
1,OK CONC,OK CONC,STORET/WQX,Orthophosphate,Orthophosphate,Orthophosphate,,,,,,,unknown,,,Orthophosphate as P,1108,,
2,OK CONC,OK CONC,STORET/WQX,Total phosphorus,,,,,,Total,,,,,,Phosphorus,,,
1,OK TCN,OK TCN,STORET/WQX,Orthophosphate,Orthophosphate,Orthophosphate,,,,Total,total,total,total,,,Orthophosphate,179,,
1,OK TCN,OK TCN,STORET/WQX,Orthophosphate,Orthophosphate,Orthophosphate,,,,,,,unknown,,,Orthophosphate as P,7,,
1,OK TCN,OK TCN,STORET/WQX,Orthophosphate,Orthophosphate,Orthophosphate,,,,Total,total,total,total,,,Orthophosphate as P,416,,
1,OK TCN,OK TCN,STORET/WQX,Total phosphorus,Phosphorus (all),Total phosphorus,,,,Total,total,total,total,,,Phosphorus,602,,
1,OK TEST,OK TEST,STORET/WQX,Orthophosphate,Orthophosphate,Orthophosphate,,,,Total,total,total,total,,,Orthophosphate as PO4,27,,
0,OK TEST,OK TEST,STORET/WQX,Total phosphorus,Phosphorus (all),Total phosphorus,,,,Total,total,total,total,,,Phosphorus,206,,
1,OK TMI,OK TMI,STORET/WQX,Total phosphorus,Phosphorus (all),Total phosphorus,,,,Total,total,total,total,,,Phosphorus,39,,
1,OK TOT,OK TOT,STORET/WQX,Orthophosphate,Orthophosphate,Orthophosphate,,,,,,,unknown,,,Orthophosphate,207,,
0,OK TWN,OK TWN,STORET/WQX,Total phosphorus,Phosphorus (all),Total phosphorus,,,,Total,total,total,total,,,Phosphorus,42,,
1,OK WRB,OK WRB,STORET/WQX,Orthophosphate,Orthophosphate,Orthophosphate,,,,,,,unknown,,MLR- contact re: unknown fraction,Orthophosphate as P,7301,,
1,OKT ONENRD,OKT ONENRD,STORET/WQX,Orthophosphate,Orthophosphate,Orthophosphate,,,,,,,unknown,,,Orthophosphate as P,69,,
0,OR DEQ,OR DEQ,STORET/WQX,Orthophosphate,Orthophosphate,Orthophosphate,,,,Dissolved,dissolved,filtered,filtered,,,Orthophosphate as P,3423,,
2,OR DEQ,OR DEQ,STORET/WQX,Total phosphorus,Phosphorus (all),Total phosphorus,,,,Total,total,total,unfiltered,,,Phosphate-phosphorus,385,,
0,PA DEP,PA DEP,STORET/WQX,Orthophosphate,Orthophosphate,Orthophosphate,,,,Dissolved,dissolved,filtered,filtered,,,Orthophosphate,626,,
0,PA DEP,PA DEP,STORET/WQX,Orthophosphate,Orthophosphate,Orthophosphate,,,,Total,total,total,unfiltered,,,Orthophosphate,4065,,
0,PA DEP,PA DEP,STORET/WQX,Orthophosphate,Orthophosphate,Orthophosphate,,,,Dissolved,dissolved,filtered,filtered,,,Orthophosphate as P,1385,,
0,PA DEP,PA DEP,STORET/WQX,Orthophosphate,Orthophosphate,Orthophosphate,,,,Total,total,total,unfiltered,,,Orthophosphate as P,5122,,
1,PA DEP,PA DEP,STORET/WQX,Total dissolved phosphorus,Phosphorus (all),Dissolved phosphorus,,,,Dissolved,dissolved,filtered,filtered,,,Phosphate-phosphorus,342,,
0,PA DEP,PA DEP,STORET/WQX,Total dissolved phosphorus,Phosphorus (all),Dissolved phosphorus,,,,Dissolved,dissolved,filtered,filtered,,,Phosphate-phosphorus as P,1400,,
1,PA DEP,PA DEP,STORET/WQX,Total dissolved phosphorus,Phosphorus (all),Dissolved phosphorus,,,,Dissolved,dissolved,filtered,filtered,,,Phosphorus,275,,
1,PA DEP,PA DEP,STORET/WQX,Total phosphorus,Phosphorus (all),Total phosphorus,,,,Total,total,total,unfiltered,,,Phosphate-phosphorus,3683,,
1,PA DEP,PA DEP,STORET/WQX,Total phosphorus,Phosphorus (all),Total phosphorus,,,,Total,total,total,unfiltered,,,Phosphate-phosphorus as P,5147,,
1,PA DEP,PA DEP,STORET/WQX,Total phosphorus,Phosphorus (all),Total phosphorus,,,,Total,total,total,unfiltered,,,Phosphorus,612,,
0,PA KWMN,PA KWMN,STORET/WQX,Orthophosphate,Orthophosphate,Orthophosphate,,,,,,,unknown,,,Orthophosphate as PO4,700,,
0,PA KWMN,PA KWMN,STORET/WQX,Orthophosphate,Orthophosphate,Orthophosphate,,,,,,,unknown,,,Orthophosphate as PO4,1,,
1,PA SWRC,PA SWRC,STORET/WQX,Orthophosphate,Orthophosphate,Orthophosphate,,,,Dissolved,dissolved,filtered,filtered,,,Orthophosphate as P,1538,,
0,PA SWRC,PA SWRC,STORET/WQX,Total dissolved phosphorus,Phosphorus (all),Dissolved phosphorus,,,,Dissolved,dissolved,filtered,filtered,,,Phosphorus,881,,
0,PA SWRC,PA SWRC,STORET/WQX,Total phosphorus,Phosphorus (all),Total phosphorus,,,,Total,total,total,unfiltered,,,Phosphorus,1165,,
1,RG3 SRBC,RG3 SRBC,STORET/WQX,Orthophosphate,Orthophosphate,Orthophosphate,,,,Dissolved,dissolved,filtered,filtered,,,Orthophosphate,6,,
1,RG3 SRBC,RG3 SRBC,STORET/WQX,Orthophosphate,Orthophosphate,Orthophosphate,,,,Dissolved,dissolved,filtered,filtered,,,Orthophosphate as P,1156,,
1,RG3 SRBC,RG3 SRBC,STORET/WQX,Orthophosphate,Orthophosphate,Orthophosphate,,,,Total,total,total,unfiltered,,,Orthophosphate as P,1134,,
1,RG3 SRBC,RG3 SRBC,STORET/WQX,Total dissolved phosphorus,Phosphorus (all),Dissolved phosphorus,,,,Dissolved,dissolved,filtered,filtered,,,Phosphate-phosphorus as P,1176,,
1,RG3 SRBC,RG3 SRBC,STORET/WQX,Total dissolved phosphorus,Phosphorus (all),Dissolved phosphorus,,,,Dissolved,dissolved,filtered,filtered,,,Phosphorus,10,,
1,RG3 SRBC,RG3 SRBC,STORET/WQX,Total phosphorus,Phosphorus (all),Total phosphorus,,,,Total,total,total,unfiltered,,,Phosphate-phosphorus as P,1383,,
1,RG3 SRBC,RG3 SRBC,STORET/WQX,Total phosphorus,Phosphorus (all),Total phosphorus,,,,Total,total,total,unfiltered,,,Phosphorus,313,,
0,RG3 TSWQC,RG3 TSWQC,STORET/WQX,Orthophosphate,Orthophosphate,Orthophosphate,,,,,,,unknown,,,Orthophosphate as P,3117,,
0,RG3 TSWQC,RG3 TSWQC,STORET/WQX,Orthophosphate,Orthophosphate,Orthophosphate,,,,Dissolved,dissolved,filtered,filtered,,,Orthophosphate as P,471,,
0,RG3 TSWQC,RG3 TSWQC,STORET/WQX,Orthophosphate,Orthophosphate,Orthophosphate,,,,Filterable,filterable,filtered,filtered,,,Orthophosphate as P,153,,
2,RG3 TSWQC,RG3 TSWQC,STORET/WQX,Total phosphorus,Phosphorus (all),Total phosphorus,,,,Total,total,total,unfiltered,,,Phosphate-phosphorus,551,,
0,RG4 DRBC,RG4 DRBC,STORET/WQX,Orthophosphate,Orthophosphate,Orthophosphate,,,,Dissolved,dissolved,filtered,filtered,,,Orthophosphate as P,3474,,
2,RG4 DRBC,RG4 DRBC,STORET/WQX,Total dissolved phosphorus,Phosphorus (all),Dissolved phosphorus,,,,Dissolved,dissolved,filtered,filtered,,,Phosphate-phosphorus,811,,
2,RG4 DRBC,RG4 DRBC,STORET/WQX,Total dissolved phosphorus,Phosphorus (all),Dissolved phosphorus,,,,Filterable,filterable,filtered,filtered,,,Phosphate-phosphorus,578,,
2,RG4 DRBC,RG4 DRBC,STORET/WQX,Total phosphorus,Phosphorus (all),Total phosphorus,,,,Total,total,total,unfiltered,,,Phosphate-phosphorus,3455,,
2,RG4 DRBC,RG4 DRBC,STORET/WQX,,,,,,,Non-Filterable (Particle),,,,,,Phosphate-phosphorus,578,,
0,RG5 UMESC,RG5 UMESC,US GS,Orthophosphate,Orthophosphate,Orthophosphate,,,,Dissolved,dissolved,filtered,filtered,,,Soluble Reactive Phosphorus,30418,,
1,RG5 UMESC,RG5 UMESC,US GS,Total phosphorus,Phosphorus (all),Total phosphorus,,,,Total,total,total,unfiltered,,,Total Phosphorus,30227,,
0,RG8 ORSANCO,RG8 ORSANCO,STORET/WQX,Orthophosphate,Orthophosphate,Orthophosphate,,,,Total,total,total,total,,,Orthophosphate,42,,
0,RG8 ORSANCO,RG8 ORSANCO,STORET/WQX,Total phosphorus,Phosphorus (all),Total phosphorus,,,,Total,total,total,total,,,Phosphate-phosphorus,18,,
0,RG8 ORSANCO,RG8 ORSANCO,STORET/WQX,Total phosphorus,Phosphorus (all),Total phosphorus,,,,Total,total,total,total,,,Phosphorus,3220,,
2,RG8 ORSANCO,RG8 ORSANCO,STORET/WQX,,,,,,,Unknown,,,,,,Phosphorus,3220,,
0,SC DHEC,SC DHEC,STORET/WQX,Total phosphorus,Phosphorus (all),Total phosphorus,,,,Total,total,total,total,,,Phosphate-phosphorus as P,23931,,
1,SC DHEC,SC DHEC,STORET/WQX,Total phosphorus,Phosphorus (all),Total phosphorus,,,,Total,total,total,total,,,Phosphorus,25859,,
1,SC SCPSA,SC SCPSA,STORET/WQX,Orthophosphate,Orthophosphate,Orthophosphate,,,,Total,total,total,total,,,Orthophosphate as P,2782,,
0,SC SCPSA,SC SCPSA,STORET/WQX,Total phosphorus,Phosphorus (all),Total phosphorus,,,,Total,total,total,total,,,Phosphate-phosphorus as P,2934,,
1,SD DENR,SD DENR,STORET/WQX,Orthophosphate,Orthophosphate,Orthophosphate,,,,Dissolved,dissolved,filtered,filtered,,,Orthophosphate,45,,
1,SD DENR,SD DENR,STORET/WQX,Orthophosphate,Orthophosphate,Orthophosphate,,,,Total,total,total,unfiltered,,,Orthophosphate,5671,,
1,SD DENR,SD DENR,STORET/WQX,Orthophosphate,Orthophosphate,Orthophosphate,,,,Dissolved,dissolved,filtered,filtered,,,Orthophosphate as P,7420,,
1,SD DENR,SD DENR,STORET/WQX,Orthophosphate,Orthophosphate,Orthophosphate,,,,Filterable,filterable,filtered,filtered,,,Orthophosphate as P,10,,
1,SD DENR,SD DENR,STORET/WQX,Orthophosphate,Orthophosphate,Orthophosphate,,,,Total,total,total,unfiltered,,,Orthophosphate as P,5071,,
0,SD DENR,SD DENR,STORET/WQX,Total dissolved phosphorus,Phosphorus (all),Dissolved phosphorus,,,,Dissolved,dissolved,filtered,filtered,,,Phosphate-phosphorus,7944,,
1,SD DENR,SD DENR,STORET/WQX,Total dissolved phosphorus,Phosphorus (all),Dissolved phosphorus,,,,Dissolved,dissolved,filtered,filtered,,,Phosphate-phosphorus as P,5797,,
0,SD DENR,SD DENR,STORET/WQX,Total phosphorus,Phosphorus (all),Total phosphorus,,,,Total,total,total,unfiltered,,,Phosphate-phosphorus,6757,,
1,SD DENR,SD DENR,STORET/WQX,Total phosphorus,Phosphorus (all),Total phosphorus,,,,Total,total,total,unfiltered,,,Phosphate-phosphorus as P,14704,,
0,SD DENR,SD DENR,STORET/WQX,Total phosphorus,Phosphorus (all),Total phosphorus,,,,Total,total,total,unfiltered,,,Phosphate-phosphorus as PO4,683,,
0,SD TFSS,SD TFSS,STORET/WQX,Total phosphorus,Phosphorus (all),Total phosphorus,,,,Total,total,total,total,,,Phosphorus,20,,
1,TN DEC,TN DEC,STORET/WQX,Organic phosphorus,Organic phosphorus,Organic phosphorus,,,,Total,total,total,total,,,Organic phosphorus,172,,
1,TN DEC,TN DEC,STORET/WQX,Orthophosphate,Orthophosphate,Orthophosphate,,,,,,,unknown,,,Orthophosphate,1,,
1,TN DEC,TN DEC,STORET/WQX,Orthophosphate,Orthophosphate,Orthophosphate,,,,Total,total,total,total,,,Orthophosphate,661,,
1,TN DEC,TN DEC,STORET/WQX,Orthophosphate,Orthophosphate,Orthophosphate,,,,Suspended,suspended,suspended,suspended,,,Orthophosphate as PO4,21,,
1,TN DEC,TN DEC,STORET/WQX,Orthophosphate,Orthophosphate,Orthophosphate,,,,Total,total,total,total,,,Orthophosphate as PO4,68,,
0,TN DEC,TN DEC,STORET/WQX,Total phosphorus,Phosphorus (all),Total phosphorus,,,,Total,total,total,total,,,Phosphate-phosphorus as P,1,,
0,TN DEC,TN DEC,STORET/WQX,Total phosphorus,Phosphorus (all),Total phosphorus,,,,Total,total,total,total,,,Phosphate-phosphorus as PO4,4,,
0,TN DEC,TN DEC,STORET/WQX,Total phosphorus,Phosphorus (all),Total phosphorus,,,,Total,total,total,total,,,Phosphorus,581,,
1,TX CEQ,TX CEQ,STORET/WQX,Orthophosphate,Orthophosphate,Orthophosphate,,,,,,,unknown,,,Orthophosphate,1304,,
1,US BR,US BR,STORET/WQX,Orthophosphate,Orthophosphate,Orthophosphate,,,,Dissolved,dissolved,filtered,filtered,,,Orthophosphate,5601,,
0,US BR,US BR,STORET/WQX,Orthophosphate,Orthophosphate,Orthophosphate,,,,Dissolved,dissolved,filtered,filtered,,,Orthophosphate as P,3717,,
1,US BR,US BR,STORET/WQX,Total phosphorus,Phosphorus (all),Total phosphorus,,,,Total,total,total,unfiltered,,,Phosphate-phosphorus as P,5035,,
0,US BR,US BR,STORET/WQX,Total phosphorus,Phosphorus (all),Total phosphorus,,,,Total,total,total,unfiltered,,,Phosphorus,7570,,
1,US COE,US COE NASH,STORET/WQX,Orthophosphate,Orthophosphate,Orthophosphate,,,,Dissolved,dissolved,filtered,filtered,,,Orthophosphate,12,,
1,US COE,US COE NASH,STORET/WQX,Orthophosphate,Orthophosphate,Orthophosphate,,,,Dissolved,dissolved,filtered,filtered,,,Orthophosphate as P,3,,
1,US COE,US COE NASH,STORET/WQX,Total dissolved phosphorus,Phosphorus (all),Dissolved phosphorus,,,,Dissolved,dissolved,filtered,filtered,,,Phosphate-phosphorus as P,25,,
1,US COE,US COE NASH,STORET/WQX,Total dissolved phosphorus,Phosphorus (all),Dissolved phosphorus,,,,Dissolved,dissolved,filtered,filtered,,,Phosphorus,63,,
1,US COE,US COE NASH,STORET/WQX,Total phosphorus,Phosphorus (all),Total phosphorus,,,,Total,total,total,unfiltered,,,Phosphate-phosphorus as P,25,,
1,US COE,US COE NASH,STORET/WQX,Total phosphorus,Phosphorus (all),Total phosphorus,,,,Total,total,total,unfiltered,,,Phosphorus,63,,
1,US COE,US COE OM,STORET/WQX,Orthophosphate,Orthophosphate,Orthophosphate,,,,Dissolved,dissolved,filtered,filtered,,,Orthophosphate,57,,
1,US COE,US COE OM,STORET/WQX,Total dissolved phosphorus,Phosphorus (all),Dissolved phosphorus,,,,Dissolved,dissolved,filtered,filtered,,,Phosphorus,5,,
1,US COE,US COE OM,STORET/WQX,Total phosphorus,Phosphorus (all),Total phosphorus,,,,Total,total,total,unfiltered,,,Phosphorus,598,,
2,US DA,US DA ARS,STORET/WQX,Total phosphorus,,Total phosphorus,,,,Total,,,,,,Phosphate,,,
2,US DA,US DA NEIRCD,STORET/WQX,Total phosphorus,,Total phosphorus,,,,Total,,,,,,Phosphate-phosphorus,,,
2,US EPA,US EPA R4 ATHENS,STORET/WQX,Total phosphorus,,Total phosphorus,,,,Total,,,,,,Phosphorus,,,
2,US EPA,US EPA R4 ATHENS,STORET/WQX,Dissolved phosphorus,,Dissolved phosphorus,,,,Dissolved,,,,,,Phosphorus,,,
1,US EPA,US EPA R10 BUNKER,STORET/WQX,Total dissolved phosphorus,Phosphorus (all),Dissolved phosphorus,,,,Dissolved,dissolved,filtered,filtered,,,Phosphorus,29,,
1,US EPA,US EPA R10 BUNKER,STORET/WQX,Total phosphorus,Phosphorus (all),Total phosphorus,,,,Total,total,total,unfiltered,,,Phosphorus,30,,
0,US EPA,US EPA R10 BUNKER/USGS,STORET/WQX,Orthophosphate,Orthophosphate,Orthophosphate,,,,Total,total,total,unfiltered,,,Orthophosphate,127,,
1,US EPA,US EPA R10 BUNKER/USGS,STORET/WQX,Orthophosphate,Orthophosphate,Orthophosphate,,,,,,,unknown,,,Orthophosphate as P,3,,
1,US EPA,US EPA R10 BUNKER/USGS,STORET/WQX,Orthophosphate,Orthophosphate,Orthophosphate,,,,Dissolved,dissolved,filtered,filtered,,,Orthophosphate as P,527,,
0,US EPA,US EPA R10 BUNKER/USGS,STORET/WQX,Orthophosphate,Orthophosphate,Orthophosphate,,,,Total,total,total,unfiltered,,,Orthophosphate as PO4,49,,
0,US EPA,US EPA R10 BUNKER/USGS,STORET/WQX,Total dissolved phosphorus,Phosphorus (all),Dissolved phosphorus,,,,Dissolved,dissolved,filtered,filtered,,,Phosphate-phosphorus,83,,
0,US EPA,US EPA R10 BUNKER/USGS,STORET/WQX,Total dissolved phosphorus,Phosphorus (all),Dissolved phosphorus,,,,Dissolved,dissolved,filtered,filtered,,,Phosphate-phosphorus as P,83,,
1,US EPA,US EPA R10 BUNKER/USGS,STORET/WQX,Total dissolved phosphorus,Phosphorus (all),Dissolved phosphorus,,,,Dissolved,dissolved,filtered,filtered,,,Phosphorus as P,722,,
1,US EPA,US EPA R10 BUNKER/USGS,STORET/WQX,Total phosphorus,Phosphorus (all),Total phosphorus,,,,Total,total,total,unfiltered,,,Phosphorus,51,,
1,US EPA,US EPA R10 BUNKER/USGS,STORET/WQX,Total phosphorus,Phosphorus (all),Total phosphorus,,,,Total,total,total,unfiltered,,,Phosphorus as P,1338,,
2,US EPA,US EPA LP,STORET/WQX,Total phosphorus,,Total phosphorus,,,,Total,,,,,,Phosphorus,,,
2,US EPA,USE EPA R10 OWOW,STORET/WQX,,,,,,,Unknown,,,,,,Phosphate-phosphorus,,,
2,US EPA,US EPA R7,STORET/WQX,Total phosphorus,,Total phosphorus,,,,Total,,,,,,Phosphorus,,,
0,US NERRS,US NERR AP,STORET/WQX,Orthophosphate,Orthophosphate,Orthophosphate,,,,Dissolved,dissolved,filtered,filtered,,,Orthophosphate as P,24,,
0,US NERRS,US NERR AP,STORET/WQX,Orthophosphate,Orthophosphate,Orthophosphate,,,,Filterable,filterable,filtered,filtered,,,Orthophosphate as P,40,,
0,US NERRS,US NERRS GTM,STORET/WQX,Orthophosphate,Orthophosphate,Orthophosphate,,,,,,,unknown,,,Orthophosphate as P,228,,
0,US NERRS,US NERRS GTM,STORET/WQX,Orthophosphate,Orthophosphate,Orthophosphate,,,,Dissolved,dissolved,filtered,filtered,,,Orthophosphate as P,228,,
0,US NERRS,US NERRS GTM,STORET/WQX,Orthophosphate,Orthophosphate,Orthophosphate,,,,Filterable,filterable,filtered,filtered,,,Orthophosphate as P,360,,
0,US NERRS,US NERRS GTM,STORET/WQX,Total dissolved phosphorus,Phosphorus (all),Dissolved phosphorus,,,,Dissolved,dissolved,filtered,filtered,,,Phosphate-phosphorus as P,228,,
0,US NERRS,US NERRS GTM,STORET/WQX,Total phosphorus,Phosphorus (all),Total phosphorus,,,,Total,total,total,unfiltered,,,Phosphate-phosphorus as P,456,,
0,US NPS,US NPS,STORET/WQX,Orthophosphate,Orthophosphate,Orthophosphate,,,,Dissolved,dissolved,filtered,filtered,,,Orthophosphate,3223,,
1,US NPS,US NPS,STORET/WQX,Orthophosphate,Orthophosphate,Orthophosphate,,,,,,,unknown,,,Orthophosphate as P,219,,
1,US NPS,US NPS,STORET/WQX,Orthophosphate,Orthophosphate,Orthophosphate,,,,Dissolved,dissolved,filtered,filtered,,,Orthophosphate as P,6064,,
1,US NPS,US NPS,STORET/WQX,Orthophosphate,Orthophosphate,Orthophosphate,,,,Total,total,total,unfiltered,,,Orthophosphate as P,1362,,
0,US NPS,US NPS,STORET/WQX,Orthophosphate,Orthophosphate,Orthophosphate,,,,,,,unknown,,,Orthophosphate as PO4,1226,,
0,US NPS,US NPS,STORET/WQX,Orthophosphate,Orthophosphate,Orthophosphate,,,,Dissolved,dissolved,filtered,filtered,,,Orthophosphate as PO4,50,,
0,US NPS,US NPS,STORET/WQX,Orthophosphate,Orthophosphate,Orthophosphate,,,,Total,total,total,unfiltered,,,Orthophosphate as PO4,5966,,
2,US NPS,US NPS,STORET/WQX,Total dissolved phosphorus,Phosphorus (all),Dissolved phosphorus,,,,Dissolved,dissolved,filtered,filtered,,,Phosphate-phosphorus,2056,,
0,US NPS,US NPS,STORET/WQX,Total dissolved phosphorus,Phosphorus (all),Dissolved phosphorus,,,,Dissolved,dissolved,filtered,filtered,,,Phosphate-phosphorus as PO4,516,,
0,US NPS,US NPS,STORET/WQX,Total dissolved phosphorus,Phosphorus (all),Dissolved phosphorus,,,,Dissolved,dissolved,filtered,filtered,,,Phosphorus,1225,,
2,US NPS,US NPS,STORET/WQX,Total phosphorus,Phosphorus (all),Total phosphorus,,,,Total,total,total,unfiltered,,,Phosphate-phosphorus ,5658,,
0,US NPS,US NPS,STORET/WQX,Total phosphorus,Phosphorus (all),Total phosphorus,,,,Total,total,total,unfiltered,,,Phosphate-phosphorus as P,1554,,
0,US NPS,US NPS,STORET/WQX,Total phosphorus,Phosphorus (all),Total phosphorus,,,,Total,total,total,unfiltered,,,Phosphate-phosphorus as PO4,272,,
0,US NPS,US NPS,STORET/WQX,Total phosphorus,Phosphorus (all),Total phosphorus,,,,Total,total,total,unfiltered,,,Phosphate-phosphorus as PO4,1587,,
0,US NPS,US NPS,STORET/WQX,Total phosphorus,Phosphorus (all),Total phosphorus,,,,Total,total,total,unfiltered,,,Phosphorus,3247,,
2,US NPS,US NPS,STORET/WQX,Total phosphorus,,Total phosphorus,,,,Unfiltered,,,,,,"Total Phosphorus, mixed forms",,,
2,US NPS,US NPS,STORET/WQX,,,,,,,Suspended,,,,,,Phosphorus,,,
2,USGS,USGS,STORET/WQX,Dissolved phosphorus,,Dissolved phosphorus,,,,Dissolved,,,,,,Phosphorus,,,
2,USGS,USGS,STORET/WQX,Total phosphorus,,Total phosphorus,,,,Total,,,,,,Phosphorus,,,
2,USGS,USGS,STORET/WQX,Total phosphorus,,Total phosphorus,,,,Total,,,,,,Phosphate-Phosphorus,,,
0,UT DEQ,UT DEQ,STORET/WQX,Orthophosphate,Orthophosphate,Orthophosphate,,,,Dissolved,dissolved,filtered,filtered,,,Orthophosphate as P,4617,,
0,UT DEQ,UT DEQ,STORET/WQX,Orthophosphate,Orthophosphate,Orthophosphate,,,,Total,total,total,unfiltered,,,Orthophosphate as P,25733,,
0,UT DEQ,UT DEQ,STORET/WQX,Total dissolved phosphorus,Phosphorus (all),Dissolved phosphorus,,,,Dissolved,dissolved,filtered,filtered,,,Phosphate-phosphorus,34371,,
2,UT DEQ,UT DEQ,STORET/WQX,Total phosphorus,Phosphorus (all),Total phosphorus,,,,Total,total,total,unfiltered,,,Phosphate-phosphorus,83578,,
0,VA DEQ,VA DEQ,STORET/WQX,Orthophosphate,Orthophosphate,Orthophosphate,,,,Dissolved,dissolved,filtered,filtered,,,Orthophosphate as P,67,,
0,VA DEQ,VA DEQ,STORET/WQX,Orthophosphate,Orthophosphate,Orthophosphate,,,,Total,total,total,unfiltered,,,Orthophosphate as P,47,,
0,VA DEQ,VA DEQ,STORET/WQX,Total dissolved phosphorus,Phosphorus (all),Dissolved phosphorus,,,,Dissolved,dissolved,filtered,filtered,,,Phosphorus as P,69,,
2,VA DEQ,VA DEQ,STORET/WQX,Total phosphorus,Phosphorus (all),Total phosphorus,,,,Total,total,total,unfiltered,,,Phosphorus,435,,
0,VT DEC,VT DEC,STORET/WQX,Orthophosphate,Orthophosphate,Orthophosphate,,,,Dissolved,dissolved,filtered,filtered,,,Orthophosphate,218,,
1,VT DEC,VT DEC,STORET/WQX,Total dissolved phosphorus,Phosphorus (all),Dissolved phosphorus,,,,Dissolved,dissolved,filtered,filtered,,,Phosphorus,5511,,
1,VT DEC,VT DEC,STORET/WQX,Total phosphorus,Phosphorus (all),Total phosphorus,,,,Total,total,total,unfiltered,,,Phosphorus,7937,,
1,WA SDE,WA SDE,STORET/WQX,Orthophosphate,Orthophosphate,Orthophosphate,,,,Dissolved,dissolved,filtered,filtered,,,Orthophosphate,1798,,
1,WA SDE,WA SDE,STORET/WQX,Total phosphorus,Phosphorus (all),Total phosphorus,,,,Total,total,total,unfiltered,,,Phosphorus,1797,,
0,WA TCD,WA TCD WRD,STORET/WQX,Orthophosphate,Orthophosphate,Orthophosphate,,,,,,,unknown,,,Orthophosphate,360,,
1,WA TCEH,WA TCEH,STORET/WQX,Total phosphorus,Phosphorus (all),Total phosphorus,,,,Total,total,total,total,,,Phosphorus,174,,
1,WA TK NRD,WA TK NRD,STORET/WQX,Orthophosphate,Orthophosphate,Orthophosphate,,,,,,,unknown,,,Orthophosphate,128,,
0,WA TNP,WA TNP,STORET/WQX,Orthophosphate,Orthophosphate,Orthophosphate,,,,,,,unknown,,,Orthophosphate,13,,
0,WA TNP,WA TNP,STORET/WQX,Orthophosphate,Orthophosphate,Orthophosphate,,,,Total,total,total,total,,,Orthophosphate,42,,
0,WA TNP,WA TNP,STORET/WQX,Total phosphorus,Phosphorus (all),Total phosphorus,,,,Total,total,total,total,,,Phosphorus,43,,
1,WA TSKO,WA TSKO,STORET/WQX,Orthophosphate,Orthophosphate,Orthophosphate,,,,,,,unknown,,,Orthophosphate,54,,
2,WA TEE,WA TEE,STORET/WQX,Total phosphorus,,Total phosphorus,,,,Total,,,,,,Phosphorus,,,
1,WI DNR,WI DNR,STORET/WQX,Orthophosphate,Orthophosphate,Orthophosphate,,,,Dissolved,dissolved,filtered,filtered,,,Orthophosphate,149,,
0,WI DNR,WI DNR,STORET/WQX,Orthophosphate,Orthophosphate,Orthophosphate,,,,Dissolved,dissolved,filtered,filtered,,,Orthophosphate as P,5647,,
0,WI DNR,WI DNR,STORET/WQX,Total dissolved phosphorus,Phosphorus (all),Dissolved phosphorus,,,,Dissolved,dissolved,filtered,filtered,,,Phosphate-phosphorus,1,,
0,WI DNR,WI DNR,STORET/WQX,Total dissolved phosphorus,Phosphorus (all),Dissolved phosphorus,,,,Dissolved,dissolved,filtered,filtered,,,Phosphate-phosphorus as P,1268,,
0,WI DNR,WI DNR,STORET/WQX,Total phosphorus,Phosphorus (all),Total phosphorus,,,,Total,total,total,unfiltered,,,Phosphate-phosphorus,155,,
2,WI DNR,WI DNR,STORET/WQX,Total phosphorus,Phosphorus (all),Total phosphorus,,,,Total,total,total,unfiltered,,,Phosphate-phosphorus,20576,,
0,WI TFCPC,WI TFCPC,STORET/WQX,Orthophosphate,Orthophosphate,Orthophosphate,,,,Dissolved,dissolved,filtered,filtered,,,Orthophosphate,121,,
1,WI TFCPC,WI TFCPC,STORET/WQX,Orthophosphate,Orthophosphate,Orthophosphate,,,,Dissolved,dissolved,filtered,filtered,,,Orthophosphate as P,168,,
1,WI TFCPC,WI TFCPC,STORET/WQX,Orthophosphate,Orthophosphate,Orthophosphate,,,,Total,total,total,unfiltered,,,Orthophosphate as P,28,,
1,WI TFCPC,WI TFCPC,STORET/WQX,Orthophosphate,Orthophosphate,Orthophosphate,,,,Dissolved,dissolved,filtered,filtered,,,Soluble Reactive Phosphorus (SRP),30,,
1,WI TFCPC,WI TFCPC,STORET/WQX,Orthophosphate,Orthophosphate,Orthophosphate,,,,Total,total,total,unfiltered,,,Soluble Reactive Phosphorus (SRP) as P,6,,
1,WI TFCPC,WI TFCPC,STORET/WQX,Total dissolved phosphorus,Phosphorus (all),Dissolved phosphorus,,,,Dissolved,dissolved,filtered,filtered,,,Phosphate-phosphorus as P,140,,
0,WI TFCPC,WI TFCPC,STORET/WQX,Total dissolved phosphorus,Phosphorus (all),Dissolved phosphorus,,,,Dissolved,dissolved,filtered,filtered,,,Phosphorus,7,,
1,WI TFCPC,WI TFCPC,STORET/WQX,Total phosphorus,Phosphorus (all),Total phosphorus,,,,Total,total,total,unfiltered,,,Phosphate-phosphorus as P,324,,
1,WI TSMC,WI TSMC,STORET/WQX,Orthophosphate,Orthophosphate,Orthophosphate,,,,,,,unknown,,,Orthophosphate as P,173,,
1,WI TSMC,WI TSMC,STORET/WQX,Orthophosphate,Orthophosphate,Orthophosphate,,,,Total,total,total,total,,,Orthophosphate as PO4,82,,
1,WI TSMC,WI TSMC,STORET/WQX,Total phosphorus,Phosphorus (all),Total phosphorus,,,,Total,total,total,total,,,Phosphate-phosphorus as P,63,,
0,WI TSMC,WI TSMC,STORET/WQX,Total phosphorus,Phosphorus (all),Total phosphorus,,,,Total,total,total,total,,,Phosphorus,87,,
1,WI TSMC,WI TSMC,STORET/WQX,Total phosphorus,Phosphorus (all),Total phosphorus,,,,Total,total,total,total,,,Phosphorus as P,23,,
0,WV DEP,WV DEP,STORET/WQX,Total phosphorus,Phosphorus (all),Total phosphorus,,,,Total,total,total,total,,MLR- contact re: unknown fraction,Phosphate-phosphorus as P,903,,
1,WV DEP,WV DEP,STORET/WQX,Total phosphorus,Phosphorus (all),Total phosphorus,,,,Total,total,total,total,,,,66,,
